tripduration,age
61,54
61,38
61,38
61,48
61,25
62,52
62,38
62,54
62,30
63,30
63,48
64,38
65,35
65,35
65,35
65,25
66,38
67,41
67,25
68,25
68,21
68,36
68,54
68,27
69,61
69,51
69,38
69,38
70,38
70,38
71,33
71,52
72,53
72,38
73,42
73,51
73,58
73,40
74,54
74,38
75,35
75,37
75,37
75,38
76,61
76,34
77,44
78,32
78,35
78,34
79,25
79,48
79,58
79,38
80,48
80,54
81,32
81,30
81,37
81,31
81,21
82,34
82,49
82,31
82,40
82,36
82,40
82,33
83,32
83,46
83,25
83,54
83,58
84,60
85,61
85,38
86,61
86,44
86,34
86,38
86,31
86,30
86,54
87,37
88,55
88,44
88,54
88,44
89,31
89,39
89,45
89,54
89,38
90,41
90,57
90,23
90,25
90,54
90,44
91,33
91,44
91,31
91,34
91,39
91,39
91,30
91,41
92,32
92,40
92,44
92,36
92,33
93,26
93,47
93,26
93,26
93,33
93,50
94,47
94,25
94,35
94,47
94,25
94,61
94,54
94,32
94,61
95,37
95,38
95,28
95,58
95,32
96,32
96,32
96,27
96,52
97,57
97,23
98,54
98,29
98,47
98,30
99,30
99,37
100,37
100,38
100,32
101,30
101,33
101,54
101,32
101,58
102,34
102,31
102,54
103,58
103,32
103,60
103,61
103,38
103,54
103,34
103,44
103,57
103,32
104,45
104,38
104,34
105,35
105,30
105,30
106,38
106,32
106,30
106,37
106,59
106,30
106,54
106,59
106,57
107,52
107,58
107,34
107,31
107,49
107,52
107,32
108,26
108,23
108,31
108,27
108,40
108,32
108,32
109,35
109,34
109,38
110,47
110,26
110,31
110,28
110,37
110,57
111,34
111,32
111,57
111,26
111,23
111,32
111,31
111,30
111,34
112,25
112,36
112,44
112,52
112,25
112,38
112,54
113,33
113,28
113,25
113,31
113,38
113,60
113,30
113,46
113,54
114,31
114,47
114,26
114,32
114,58
114,42
114,67
114,42
115,40
115,32
115,34
115,40
115,35
115,40
115,54
115,26
115,50
115,52
115,23
115,57
115,31
115,46
116,32
116,47
116,30
116,53
116,30
116,48
116,52
116,26
116,58
116,52
117,26
117,30
117,34
117,26
117,51
117,54
117,44
117,31
118,28
118,65
118,38
118,44
118,37
118,25
118,58
118,61
119,32
119,30
119,40
119,48
119,51
119,34
119,30
119,32
119,30
120,37
120,46
120,26
120,43
120,29
120,26
120,57
120,57
120,30
121,55
121,34
121,34
121,31
121,25
121,57
121,37
121,44
121,30
121,40
122,33
122,33
122,38
122,33
122,34
122,32
122,33
122,30
122,32
122,28
123,25
123,56
123,39
123,32
123,32
123,47
123,38
123,44
124,38
124,54
124,54
124,34
124,35
124,30
124,54
124,30
124,38
124,26
124,25
124,21
124,54
124,42
124,31
125,46
125,34
125,44
125,35
125,30
125,61
125,25
125,34
125,44
125,28
126,53
126,29
126,32
126,72
126,30
126,40
126,38
126,49
127,40
127,40
127,40
127,29
127,38
127,30
127,32
127,61
127,25
127,58
127,53
127,25
127,51
128,44
128,46
128,51
128,33
128,33
128,44
128,44
128,30
128,35
129,32
129,30
129,38
129,44
129,30
129,46
129,35
129,38
129,44
129,45
129,38
130,32
130,30
130,30
130,72
130,61
130,39
130,30
130,38
130,49
130,53
130,59
131,40
131,30
131,52
131,51
131,54
131,46
131,52
131,54
131,44
131,26
132,34
132,37
132,44
132,32
132,25
132,40
132,52
132,54
132,26
132,44
133,29
133,34
133,32
133,31
133,54
133,36
133,32
133,28
133,40
133,53
134,57
134,30
134,33
134,53
134,33
134,44
134,38
134,72
135,33
135,32
135,46
135,31
135,32
135,36
135,54
135,54
136,51
136,46
136,41
136,23
136,57
136,32
136,39
136,34
136,52
136,40
136,44
136,26
136,53
137,32
137,36
137,26
137,36
137,26
137,32
137,65
137,57
137,46
137,36
137,46
137,46
137,38
137,36
137,25
137,32
137,38
137,32
138,26
138,33
138,32
138,26
138,44
138,30
138,51
138,34
138,54
138,38
138,41
139,46
139,38
139,38
139,30
139,39
139,31
139,52
139,36
139,44
140,40
140,34
140,51
140,40
140,57
140,48
140,38
140,54
140,58
140,53
140,39
141,30
141,26
141,31
141,30
141,30
141,33
141,38
141,57
142,32
142,46
142,30
142,35
142,46
142,38
142,57
142,54
143,28
143,51
143,40
143,34
143,40
143,34
143,32
143,53
143,54
143,38
143,38
144,32
144,30
144,31
144,40
144,46
144,30
144,36
144,54
144,38
144,38
144,34
144,29
144,40
144,26
144,31
145,53
145,33
145,38
145,25
145,29
145,41
145,44
145,27
145,40
145,36
145,50
145,31
145,24
146,32
146,29
146,28
146,31
146,36
146,48
146,54
146,44
146,29
146,38
147,40
147,25
147,28
147,31
147,61
147,40
147,30
147,33
147,45
147,52
147,25
147,35
147,59
148,34
148,43
148,36
148,32
148,38
148,29
148,54
148,28
148,51
148,26
148,54
148,35
148,30
148,38
149,35
149,40
149,29
149,52
149,33
149,53
149,27
149,25
149,30
149,62
149,30
149,37
149,57
149,38
149,46
149,44
150,32
150,44
150,35
150,32
150,38
150,40
150,40
150,48
150,31
150,38
150,56
150,34
150,42
150,23
150,63
151,52
151,29
151,61
151,47
151,35
151,54
151,38
151,25
151,32
151,41
151,38
151,40
152,32
152,54
152,52
152,33
152,31
152,32
152,38
152,46
152,34
152,51
152,46
152,46
152,57
152,24
152,38
152,26
152,31
152,37
153,53
153,23
153,38
153,36
153,34
153,38
153,25
153,61
153,35
153,31
154,65
154,37
154,31
154,31
154,54
154,38
154,52
154,40
154,44
154,44
154,28
155,34
155,52
155,44
155,35
155,35
155,37
155,46
155,39
155,46
155,38
155,33
155,32
156,46
156,54
156,33
156,38
156,65
156,52
156,32
156,57
156,27
156,49
156,29
156,54
156,31
156,54
156,53
156,32
156,38
156,39
156,49
156,38
157,46
157,53
157,32
157,31
157,38
157,44
157,34
157,52
157,38
157,34
157,46
158,57
158,35
158,65
158,40
158,51
158,43
158,57
159,62
159,49
159,51
159,46
159,51
159,44
159,34
159,34
159,27
160,32
160,23
160,61
160,68
160,40
160,28
160,51
160,51
160,31
160,60
160,52
160,46
160,40
160,32
160,34
160,30
161,30
161,29
161,28
161,54
161,28
161,25
161,36
161,40
161,44
161,52
161,35
161,44
161,25
161,51
161,39
161,34
161,51
161,54
161,52
161,32
161,21
161,63
162,51
162,52
162,26
162,46
162,49
162,40
162,33
162,32
162,25
162,52
163,54
163,23
163,32
163,52
163,54
163,36
163,57
163,32
163,38
163,30
163,38
163,23
164,62
164,38
164,46
164,51
164,51
164,38
164,23
164,35
164,35
164,33
164,57
164,35
164,32
164,38
165,35
165,46
165,32
165,32
165,47
165,44
165,42
165,31
165,54
165,40
165,32
165,33
165,29
166,48
166,23
166,32
166,41
166,40
166,33
166,34
166,25
166,55
166,23
166,35
166,52
166,30
166,30
166,40
166,53
166,34
166,25
167,32
167,32
167,43
167,44
167,24
167,38
167,39
167,44
167,33
167,31
168,35
168,36
168,41
168,53
168,38
168,36
168,38
168,27
168,34
168,26
168,52
168,35
168,64
168,42
169,38
169,40
169,53
169,31
169,38
169,38
169,34
169,35
169,45
169,38
169,25
169,23
170,39
170,41
170,31
170,33
170,46
170,54
170,30
170,52
170,52
170,31
170,34
171,38
171,59
171,30
171,35
171,32
171,54
171,57
171,49
171,46
171,32
171,42
171,40
171,32
171,52
172,46
172,37
172,43
172,35
172,32
172,38
172,51
172,38
172,36
172,30
172,40
172,28
172,46
172,44
172,72
172,34
173,38
173,23
173,34
173,38
173,35
173,54
173,52
173,34
173,31
173,57
173,31
173,27
173,38
173,31
174,37
174,48
174,35
174,32
174,43
174,57
174,54
174,32
174,32
174,32
174,46
174,38
174,25
174,52
174,54
174,51
174,38
174,37
174,25
174,37
174,39
174,67
175,39
175,60
175,53
175,61
175,31
175,44
175,40
175,40
175,53
175,32
175,52
175,33
176,44
176,52
176,34
176,35
176,44
176,52
176,54
176,36
176,25
176,25
176,40
176,27
176,54
177,40
177,57
177,34
177,55
177,40
177,43
177,31
177,35
177,31
177,38
177,37
178,29
178,44
178,23
178,30
178,61
178,33
178,57
179,40
179,38
179,43
179,57
179,54
179,36
179,34
179,38
179,34
179,35
179,29
179,25
179,33
179,34
179,23
180,23
180,31
180,33
180,48
180,23
180,61
180,30
180,52
180,54
180,30
180,41
180,35
180,47
180,44
181,26
181,59
181,44
181,35
181,38
181,53
181,26
181,65
181,27
181,37
181,33
181,27
181,51
182,54
182,25
182,32
182,53
182,29
182,44
182,32
182,26
182,38
182,31
182,35
182,37
182,34
182,38
182,39
182,44
182,45
182,42
183,40
183,65
183,34
183,34
183,46
183,35
183,44
183,54
183,54
183,29
183,34
184,34
184,46
184,38
184,48
184,32
184,38
184,43
184,34
184,44
184,59
184,54
184,27
184,40
184,46
185,25
185,32
185,63
185,30
185,44
185,54
185,23
185,35
185,32
185,23
185,35
185,52
185,30
185,46
185,51
185,27
186,25
186,37
186,49
186,26
186,29
186,34
186,32
186,61
186,35
186,23
186,61
186,25
186,30
186,21
187,40
187,38
187,46
187,34
187,36
187,35
187,52
187,57
187,61
187,37
188,23
188,39
188,61
188,30
188,58
188,49
188,30
188,34
188,54
188,30
188,52
188,23
188,28
188,31
189,26
189,36
189,30
189,52
189,42
189,57
189,39
189,40
189,35
189,29
189,69
189,29
189,35
189,35
189,47
189,34
190,39
190,36
190,44
190,38
190,31
190,55
190,49
190,32
190,35
190,34
190,28
190,55
190,38
190,30
190,43
190,35
190,23
190,31
190,31
191,43
191,34
191,33
191,44
191,44
191,38
191,48
191,36
191,35
191,32
191,39
191,47
191,35
192,28
192,32
192,34
192,35
192,32
192,35
192,28
192,32
192,32
192,52
192,67
192,44
192,32
192,57
192,32
193,54
193,34
193,32
193,39
193,26
193,25
193,40
193,28
193,52
193,36
193,32
193,42
193,57
193,30
193,25
193,34
193,23
193,36
194,39
194,34
194,42
194,54
194,38
194,32
194,43
194,34
194,42
194,37
194,40
194,69
194,34
194,30
194,39
194,31
194,61
194,65
194,38
194,37
194,52
194,26
195,30
195,34
195,43
195,34
195,54
195,40
195,43
195,48
195,57
195,26
195,61
195,38
195,31
195,57
195,51
195,34
195,31
196,55
196,34
196,68
196,51
196,28
196,37
196,52
196,30
196,25
196,23
196,36
196,40
197,30
197,35
197,28
197,57
197,35
197,33
197,40
197,41
197,51
197,29
197,33
197,28
197,36
197,32
197,39
197,32
197,28
197,37
198,41
198,36
198,39
198,31
198,57
198,41
198,37
198,67
198,33
198,35
198,54
198,51
198,38
198,48
198,56
198,32
198,27
198,23
198,41
199,37
199,32
199,40
199,30
199,43
199,39
199,54
199,28
199,37
199,39
200,40
200,23
200,30
200,37
200,23
200,44
200,40
200,41
200,32
200,41
200,25
200,31
200,29
200,57
201,27
201,31
201,34
201,41
201,43
201,41
201,38
201,35
201,42
201,55
201,26
201,30
201,35
201,52
201,30
201,35
201,62
201,31
202,35
202,27
202,43
202,27
202,55
202,30
202,54
202,62
202,27
202,35
202,32
202,52
202,41
202,34
203,29
203,61
203,25
203,44
203,30
203,26
203,51
203,30
203,41
203,38
203,31
204,30
204,38
204,37
204,26
204,34
204,28
204,40
204,35
204,24
204,53
204,35
204,38
204,52
204,41
204,29
204,37
204,30
205,36
205,29
205,29
205,52
205,36
205,34
205,37
205,30
205,31
205,32
205,31
206,21
206,28
206,44
206,27
206,54
206,30
206,35
206,26
206,61
206,47
206,41
206,34
206,37
207,35
207,31
207,37
207,37
207,52
207,32
207,61
207,38
207,33
207,44
207,28
207,68
207,31
207,62
207,23
207,32
208,34
208,35
208,45
208,52
208,48
208,32
208,41
208,48
208,31
208,36
208,33
208,54
208,26
208,30
208,38
208,37
209,42
209,32
209,45
209,57
209,21
209,53
209,61
209,41
209,40
209,44
209,21
209,34
209,30
209,55
209,65
209,35
209,57
209,32
209,46
209,30
209,54
210,35
210,61
210,30
210,39
210,37
210,39
210,33
210,52
210,51
210,25
210,37
210,51
211,58
211,52
211,32
211,60
211,65
211,40
211,33
211,41
211,39
211,29
211,30
211,32
211,30
211,30
211,57
211,27
211,30
211,31
211,41
211,38
212,45
212,34
212,32
212,44
212,32
212,49
212,32
212,41
212,61
212,44
212,48
212,29
213,41
213,29
213,42
213,40
213,41
213,29
213,30
213,51
213,57
213,41
214,61
214,28
214,57
214,57
214,54
214,27
214,30
214,46
214,41
214,52
214,26
214,41
214,57
214,40
214,54
214,35
214,31
214,34
214,62
214,37
214,47
214,51
214,35
215,62
215,23
215,25
215,30
215,34
215,57
215,38
215,38
215,54
215,38
215,38
215,41
215,32
215,61
215,31
215,44
216,51
216,32
216,32
216,46
216,31
216,61
216,28
216,37
216,25
216,38
216,43
216,32
217,35
217,30
217,35
217,41
217,28
217,32
217,54
217,61
217,33
217,36
217,39
217,37
217,20
217,32
217,38
217,30
217,40
217,38
218,40
218,36
218,36
218,33
218,62
218,63
218,33
218,41
218,25
218,40
218,32
218,32
218,52
218,33
218,38
218,37
218,33
218,54
218,41
218,58
218,42
219,30
219,61
219,41
219,53
219,36
219,53
219,29
219,36
219,35
219,34
219,27
219,52
219,43
220,26
220,46
220,38
220,48
220,37
220,36
220,55
220,26
220,39
220,33
220,54
220,52
220,30
220,46
220,33
220,47
220,43
220,57
220,39
220,25
220,72
220,33
221,62
221,30
221,32
221,28
221,43
221,32
221,48
221,52
221,37
221,28
221,46
221,54
221,30
221,51
222,61
222,52
222,46
222,23
222,40
222,46
222,59
222,63
222,34
222,21
222,30
222,51
223,35
223,26
223,50
223,32
223,52
223,35
223,42
223,31
223,31
223,49
223,30
223,23
223,32
223,38
223,62
224,55
224,30
224,53
224,30
224,40
224,45
224,52
224,32
224,31
224,53
224,27
224,32
224,35
224,39
224,51
224,34
224,41
224,52
224,31
225,40
225,32
225,39
225,32
225,52
225,32
225,25
225,30
225,34
225,35
225,33
225,48
225,30
225,41
225,46
225,46
225,31
225,39
226,32
226,32
226,51
226,31
226,21
226,40
226,38
226,61
226,34
226,41
226,39
226,57
226,28
227,30
227,52
227,32
227,31
227,63
227,30
227,30
227,38
227,61
227,27
227,39
227,61
227,53
227,34
228,39
228,34
228,46
228,32
228,40
228,49
228,35
228,41
228,52
228,21
228,28
228,35
229,33
229,27
229,52
229,40
229,28
229,47
229,24
229,45
229,30
229,58
229,38
229,23
229,31
229,30
229,54
229,58
229,32
229,39
229,30
229,72
230,25
230,37
230,37
230,26
230,27
230,40
230,42
230,30
230,26
230,30
230,37
230,44
230,38
230,31
230,41
231,28
231,55
231,55
231,27
231,31
231,65
231,52
231,32
231,40
231,41
231,32
231,32
231,30
231,48
231,41
231,54
231,39
231,63
232,29
232,54
232,29
232,40
232,32
232,43
232,54
232,37
232,32
232,31
232,37
232,31
233,35
233,33
233,28
233,31
233,29
233,39
233,27
233,54
233,61
233,61
233,28
233,53
233,28
233,57
233,37
233,44
233,57
234,54
234,32
234,37
234,61
234,40
234,31
234,45
234,29
234,59
234,39
234,38
234,41
235,31
235,41
235,41
235,28
235,33
235,52
235,30
235,37
235,37
235,34
235,52
236,44
236,61
236,30
236,35
236,33
236,35
236,54
236,41
236,36
236,29
236,51
236,46
236,59
236,32
236,54
236,61
236,27
237,52
237,41
237,29
237,35
237,29
237,30
237,34
237,30
237,51
237,61
237,35
237,53
237,34
237,52
237,54
237,55
237,55
238,41
238,54
238,65
238,64
238,48
238,29
238,33
238,36
238,61
238,54
238,46
238,37
238,29
238,33
238,37
238,30
238,31
238,38
238,35
238,27
238,41
238,31
238,33
238,34
239,38
239,58
239,27
239,39
239,27
239,31
239,44
239,40
239,30
239,35
239,39
239,38
239,63
239,43
239,47
239,27
239,61
240,37
240,32
240,33
240,47
240,34
240,38
240,43
240,35
240,30
240,37
240,30
240,41
240,41
240,37
241,33
241,28
241,41
241,57
241,45
241,59
241,52
241,30
241,52
241,30
241,57
241,44
241,34
241,31
241,64
241,32
241,59
241,38
241,63
242,31
242,35
242,30
242,42
242,63
242,44
242,36
242,32
242,30
242,36
242,30
242,65
242,30
242,30
242,30
242,72
242,30
242,32
242,44
242,27
242,57
242,52
242,30
242,35
242,44
242,41
242,31
243,24
243,37
243,31
243,30
243,61
243,27
243,31
243,51
243,62
243,52
243,41
243,40
243,41
243,28
243,30
243,33
243,52
243,21
244,54
244,54
244,38
244,27
244,32
244,35
244,30
244,34
244,60
244,30
244,25
244,54
244,52
244,21
245,35
245,41
245,52
245,39
245,30
245,35
245,34
245,54
245,33
245,34
245,33
245,37
245,32
245,61
245,44
245,41
246,45
246,34
246,52
246,32
246,28
246,53
246,41
246,28
246,34
246,57
246,57
246,52
246,41
246,37
246,33
246,39
247,32
247,31
247,47
247,26
247,40
247,27
247,31
247,63
247,34
247,34
247,27
247,37
247,42
247,57
247,56
247,53
247,65
247,27
247,62
247,41
247,51
248,51
248,36
248,58
248,48
248,31
248,37
248,25
248,34
248,32
248,29
248,36
248,40
248,51
248,36
248,37
248,40
248,40
248,70
248,40
248,49
248,26
248,30
249,41
249,58
249,34
249,63
249,40
249,32
249,33
249,29
249,52
249,30
249,31
249,37
249,29
249,52
249,58
249,34
249,54
249,37
249,58
249,41
249,37
249,31
249,58
249,38
249,27
250,53
250,37
250,48
250,30
250,35
250,57
250,35
250,33
250,40
250,32
250,28
250,38
250,30
250,52
250,34
250,51
250,41
250,37
250,30
251,54
251,34
251,54
251,43
251,32
251,45
251,34
251,36
251,37
251,32
251,36
251,29
251,61
251,57
251,53
251,70
251,63
252,28
252,33
252,37
252,21
252,63
252,63
252,72
252,28
252,55
252,32
252,59
252,29
252,35
252,68
252,34
252,63
252,29
252,40
252,32
252,34
252,70
252,33
253,41
253,53
253,58
253,27
253,37
253,30
253,41
253,37
253,30
253,32
253,41
253,36
253,29
253,36
253,21
253,58
253,30
253,27
253,48
253,41
254,55
254,55
254,43
254,30
254,41
254,40
254,38
254,29
254,32
254,28
254,52
254,52
254,30
254,61
254,30
254,37
254,33
254,52
254,49
254,70
255,43
255,37
255,52
255,36
255,37
255,52
255,57
255,52
255,41
255,39
255,30
255,34
255,31
255,41
255,27
255,35
255,34
255,37
255,34
255,40
255,35
255,35
255,44
256,37
256,52
256,28
256,27
256,44
256,29
256,58
256,37
256,46
256,61
256,55
256,34
256,52
256,36
256,34
256,49
256,54
256,58
256,28
256,29
256,33
256,38
256,41
256,38
257,54
257,27
257,41
257,62
257,35
257,43
257,54
257,59
257,30
257,32
257,65
257,27
257,26
257,65
257,52
257,53
257,33
257,34
257,41
257,51
257,35
257,52
257,30
257,52
257,39
258,37
258,33
258,36
258,32
258,28
258,49
258,47
258,35
258,32
258,29
258,52
258,30
258,52
258,27
258,36
258,52
258,38
258,53
258,40
258,34
258,37
259,37
259,27
259,38
259,39
259,52
259,32
259,61
259,52
259,40
259,34
259,38
259,29
259,21
259,32
260,32
260,52
260,25
260,29
260,55
260,29
260,28
260,32
260,46
260,29
260,21
260,61
260,32
260,52
260,38
260,40
261,32
261,45
261,40
261,52
261,30
261,27
261,26
261,62
261,52
261,34
261,39
261,52
261,40
262,32
262,47
262,45
262,24
262,31
262,61
262,27
262,34
262,28
262,31
262,38
262,34
262,27
262,47
262,32
262,36
262,33
262,35
262,61
262,54
263,37
263,41
263,38
263,21
263,34
263,35
263,32
263,35
263,30
263,36
263,63
263,46
263,27
263,38
263,58
263,42
263,28
263,35
263,52
263,44
263,25
263,40
263,54
264,58
264,51
264,32
264,32
264,34
264,27
264,38
264,52
264,31
264,36
264,32
264,51
265,33
265,35
265,31
265,30
265,53
265,21
265,30
265,32
265,30
265,31
265,40
265,52
265,34
265,51
265,37
265,29
265,34
265,62
265,26
265,28
266,37
266,62
266,33
266,28
266,37
266,41
266,36
266,39
266,49
266,42
266,32
266,36
266,55
266,32
266,64
266,31
266,30
266,53
266,25
266,35
266,55
267,35
267,34
267,38
267,36
267,33
267,65
267,36
267,25
267,37
267,34
267,40
267,36
267,47
267,63
268,29
268,32
268,26
268,41
268,61
268,32
268,38
268,28
268,42
268,52
268,59
268,30
268,30
268,47
268,25
268,51
268,40
268,40
268,33
269,52
269,35
269,61
269,61
269,34
269,33
269,51
269,38
269,39
269,61
269,30
269,27
269,34
269,55
269,38
269,50
269,32
269,52
269,33
269,37
269,27
269,35
269,31
270,25
270,30
270,37
270,26
270,40
270,28
270,33
270,51
270,30
270,49
270,38
270,33
270,29
270,33
270,31
270,35
270,43
270,26
270,41
270,40
271,61
271,55
271,35
271,37
271,41
271,33
271,30
271,29
271,47
271,44
271,36
271,52
271,26
271,28
271,33
271,37
271,31
271,35
271,29
271,33
272,31
272,41
272,52
272,57
272,37
272,60
272,41
272,32
272,40
272,43
272,52
272,39
272,34
272,35
272,41
272,37
273,40
273,52
273,30
273,38
273,29
273,31
273,58
273,29
273,52
273,47
273,65
273,52
273,41
273,37
273,30
273,33
273,26
273,26
273,52
274,30
274,49
274,36
274,41
274,36
274,52
274,52
274,33
274,30
274,37
274,27
275,34
275,33
275,37
275,36
275,53
275,30
275,53
275,61
275,40
275,55
275,54
275,52
275,28
276,52
276,33
276,33
276,25
276,38
276,72
276,38
276,42
276,46
276,52
276,32
276,28
276,40
276,51
276,32
276,40
276,60
276,38
276,29
276,52
277,21
277,30
277,41
277,29
277,28
277,29
277,33
277,33
277,36
277,32
277,34
277,30
277,32
277,35
277,37
277,32
277,33
277,26
277,37
278,27
278,52
278,27
278,40
278,27
278,34
278,41
278,44
278,30
278,54
278,41
278,31
278,49
278,57
278,38
278,35
278,29
278,57
278,41
278,36
278,32
279,30
279,41
279,21
279,34
279,53
279,40
279,61
279,27
279,29
279,35
279,36
280,40
280,30
280,40
280,23
280,52
280,31
280,53
280,42
280,42
280,36
280,28
280,66
280,40
280,54
280,55
280,38
280,48
281,29
281,29
281,36
281,43
281,65
281,53
281,43
281,59
281,40
281,31
281,40
281,21
281,34
281,55
281,33
281,46
282,32
282,55
282,22
282,52
282,60
282,57
282,32
282,40
282,28
282,43
282,51
282,52
282,27
282,27
282,35
282,57
283,28
283,52
283,27
283,41
283,34
283,37
283,27
283,40
283,59
283,30
283,41
283,37
283,30
283,41
283,21
283,28
283,22
283,48
283,59
283,52
283,30
283,41
283,33
283,35
283,36
284,40
284,35
284,28
284,29
284,28
284,35
284,34
284,54
284,38
284,47
284,30
284,33
284,35
284,52
284,34
284,39
284,59
285,34
285,35
285,34
285,47
285,26
285,33
285,57
285,45
285,22
285,38
285,47
285,51
285,42
285,52
285,21
285,25
285,27
285,52
286,44
286,36
286,39
286,36
286,54
286,40
286,61
286,41
286,57
286,37
286,37
286,28
286,36
286,29
286,30
287,32
287,29
287,37
287,30
287,68
287,34
287,32
287,31
287,39
287,38
287,28
287,30
287,33
287,35
287,30
288,41
288,58
288,30
288,29
288,54
288,44
288,31
288,39
288,27
288,35
288,38
288,52
288,30
288,40
288,63
288,35
288,32
288,69
288,26
288,57
288,54
288,40
288,40
288,52
288,28
288,70
289,39
289,58
289,30
289,30
289,52
289,59
289,29
289,31
289,62
289,32
289,34
289,36
289,54
289,30
290,35
290,52
290,23
290,29
290,28
290,29
290,38
290,35
290,42
290,27
290,25
290,38
290,29
290,35
290,29
290,39
290,40
290,28
290,41
290,67
290,37
290,64
290,38
290,24
290,34
290,38
290,24
291,31
291,42
291,36
291,33
291,32
291,29
291,30
291,32
291,52
291,51
291,41
291,52
291,44
291,52
291,38
292,38
292,26
292,32
292,62
292,33
292,40
292,61
292,48
292,34
292,21
292,55
292,33
292,34
292,57
292,37
292,55
292,33
292,36
292,41
292,26
292,36
293,63
293,33
293,31
293,39
293,39
293,42
293,28
293,41
293,29
293,40
293,33
293,53
293,21
293,34
293,57
293,25
294,30
294,30
294,24
294,30
294,41
294,30
294,32
294,52
294,52
294,34
294,55
294,40
294,58
294,29
294,41
294,54
294,41
294,40
294,35
294,37
294,33
294,35
294,47
295,53
295,58
295,59
295,38
295,60
295,30
295,63
295,28
295,35
295,40
295,38
295,61
295,33
295,40
295,34
296,27
296,43
296,33
296,57
296,68
296,33
296,29
296,29
296,39
296,34
296,35
296,51
297,52
297,28
297,35
297,29
297,53
297,45
297,50
297,34
297,35
297,32
297,70
297,30
297,58
297,33
297,30
297,39
297,39
297,41
297,28
297,31
297,46
298,52
298,32
298,21
298,33
298,30
298,30
298,35
298,51
298,53
298,61
298,29
298,32
298,53
298,37
298,45
298,69
299,38
299,31
299,41
299,34
299,36
299,43
299,33
299,51
299,31
299,52
299,34
299,65
299,31
299,39
299,31
299,41
299,40
299,63
299,30
300,41
300,52
300,51
300,53
300,30
300,53
300,32
300,28
300,28
300,52
300,53
300,30
300,38
300,52
300,31
301,44
301,35
301,25
301,30
301,31
301,30
301,46
301,31
301,33
301,40
301,45
301,52
301,54
301,30
301,38
301,38
301,31
301,30
301,39
301,24
302,29
302,30
302,43
302,39
302,27
302,59
302,32
302,30
302,54
302,40
302,35
302,39
302,41
302,38
302,63
302,38
302,35
302,39
303,40
303,34
303,27
303,31
303,46
303,53
303,30
303,49
303,37
303,32
303,57
303,34
303,52
303,29
303,33
303,30
304,34
304,29
304,37
304,41
304,30
304,70
304,37
304,41
304,54
304,21
304,28
304,32
304,39
304,27
304,46
304,35
305,28
305,52
305,52
305,37
305,52
305,26
305,52
305,45
305,35
305,34
305,31
305,58
305,45
305,72
305,29
305,55
305,41
305,38
305,39
306,40
306,52
306,33
306,31
306,24
306,27
306,37
306,34
306,45
306,34
306,35
306,40
306,40
306,34
306,51
306,54
307,31
307,46
307,39
307,28
307,62
307,22
307,27
307,31
307,46
307,33
307,52
307,30
307,32
307,21
307,50
307,41
307,40
307,25
307,25
307,46
308,51
308,34
308,36
308,52
308,53
308,63
308,46
308,38
308,58
308,66
308,70
308,33
309,35
309,40
309,34
309,51
309,72
309,30
309,31
309,52
309,31
309,44
309,39
309,41
309,38
310,29
310,28
310,51
310,36
310,38
310,38
310,49
310,29
310,65
310,41
310,41
310,32
310,59
310,32
311,41
311,53
311,32
311,34
311,32
311,52
311,28
311,52
311,51
311,37
311,33
311,33
311,52
311,30
311,38
311,61
311,31
311,47
311,36
311,49
312,61
312,30
312,34
312,61
312,41
312,52
312,32
312,51
312,28
312,30
312,52
312,34
312,27
312,40
312,37
312,30
312,32
312,46
312,22
312,57
312,41
313,52
313,52
313,65
313,39
313,34
313,28
313,33
313,32
313,41
313,26
313,57
313,35
313,25
313,41
313,36
313,38
313,35
313,58
313,33
314,41
314,61
314,46
314,31
314,31
314,36
314,38
314,27
314,52
314,53
314,61
314,31
314,57
314,32
314,33
314,61
315,34
315,27
315,37
315,39
315,33
315,61
315,25
315,30
315,43
315,53
315,41
315,58
315,30
315,36
316,26
316,34
316,50
316,39
316,31
316,37
316,34
316,32
316,52
316,61
316,28
316,42
316,34
316,30
316,34
316,41
316,33
316,22
316,33
316,39
317,34
317,34
317,32
317,41
317,44
317,30
317,51
317,40
317,24
317,48
317,33
317,30
317,39
317,31
317,46
317,41
317,33
318,50
318,28
318,22
318,58
318,61
318,41
318,41
318,44
318,35
318,31
318,26
318,34
318,38
318,34
318,72
318,34
318,25
319,51
319,45
319,22
319,59
319,37
319,41
319,57
319,38
319,40
319,31
319,39
319,33
319,21
319,25
319,38
319,62
319,65
320,33
320,52
320,29
320,52
320,40
320,34
320,32
320,28
320,33
320,24
320,26
320,21
320,28
320,52
320,33
320,53
320,41
320,27
320,31
320,45
320,51
321,32
321,46
321,52
321,40
321,54
321,23
321,30
321,25
321,44
321,32
321,52
321,31
322,52
322,26
322,32
322,29
322,30
322,37
322,21
322,43
322,62
322,40
322,51
322,35
322,50
322,33
322,31
322,29
322,40
322,39
322,30
322,55
322,51
322,48
323,39
323,61
323,40
323,42
323,40
323,28
323,34
323,44
323,34
323,22
323,34
323,61
323,53
323,39
323,53
323,28
323,21
323,39
323,31
324,34
324,39
324,33
324,52
324,49
324,45
324,30
324,40
324,40
324,34
324,49
324,30
324,38
324,45
324,33
324,37
324,25
324,52
324,39
325,41
325,31
325,39
325,33
325,36
325,41
325,48
325,52
325,30
325,35
325,33
325,35
325,53
326,40
326,32
326,38
326,21
326,52
326,33
326,30
326,54
326,30
326,25
326,30
326,40
326,52
326,39
326,62
326,65
326,38
326,39
326,33
326,38
326,32
326,34
326,27
327,41
327,40
327,27
327,65
327,26
327,30
327,32
327,33
327,34
327,27
327,27
327,28
327,31
327,42
327,44
327,40
327,36
327,28
327,33
327,28
327,23
327,41
328,29
328,49
328,39
328,33
328,40
328,33
328,27
328,37
328,41
328,26
328,57
328,32
328,21
328,24
328,55
328,34
329,25
329,29
329,34
329,29
329,41
329,32
329,57
329,46
329,33
329,34
329,57
329,25
330,53
330,36
330,41
330,53
330,51
330,27
330,33
330,33
330,41
330,41
330,40
330,59
330,47
330,52
330,30
330,55
330,34
330,52
330,30
330,41
330,32
330,48
330,62
330,40
330,26
330,54
330,48
330,55
331,34
331,22
331,53
331,62
331,34
331,42
331,41
331,52
331,21
331,29
331,30
331,41
331,38
331,30
331,32
331,25
331,42
332,42
332,40
332,40
332,40
332,32
332,25
332,41
332,52
332,57
332,53
332,40
332,31
332,52
332,38
332,60
332,34
332,28
332,53
332,58
332,35
332,30
332,28
332,41
332,40
333,33
333,46
333,36
333,72
333,31
333,32
333,52
333,27
333,44
333,43
333,34
333,62
333,35
333,21
333,41
333,35
333,23
333,52
333,46
333,34
334,60
334,41
334,35
334,36
334,34
334,63
334,42
334,40
334,30
334,60
334,43
334,30
334,30
334,39
334,33
334,36
334,41
334,34
334,41
334,58
334,35
334,41
335,41
335,61
335,29
335,30
335,38
335,25
335,41
335,33
335,39
335,37
335,23
335,40
335,35
335,41
335,36
335,41
335,41
336,63
336,26
336,39
336,30
336,33
336,44
336,34
336,33
336,52
336,27
336,35
337,43
337,30
337,26
337,57
337,29
337,39
337,52
337,54
337,41
337,29
337,29
337,37
337,39
337,41
337,38
337,34
338,47
338,33
338,58
338,40
338,57
338,38
338,61
338,39
338,33
338,41
338,57
338,34
338,61
339,42
339,33
339,56
339,40
339,27
339,61
339,32
339,41
339,48
339,29
339,28
339,36
339,29
339,26
339,36
339,54
339,28
340,52
340,50
340,49
340,43
340,61
340,37
340,36
340,41
340,40
340,32
340,52
340,52
340,43
340,61
340,21
340,52
340,30
340,57
340,33
340,36
340,38
340,29
340,30
340,57
341,23
341,41
341,25
341,34
341,52
341,47
341,27
341,25
341,35
341,26
341,52
341,33
341,40
341,32
341,34
341,37
341,37
341,40
341,41
341,59
341,40
341,46
341,52
341,28
341,67
341,27
342,53
342,61
342,35
342,52
342,34
342,33
342,26
342,70
342,33
342,61
342,52
342,39
342,52
342,39
342,30
342,28
342,30
342,41
342,30
343,30
343,31
343,41
343,21
343,33
343,25
343,26
343,27
343,31
343,38
343,25
343,41
343,63
343,39
343,31
343,31
343,31
343,40
344,25
344,63
344,34
344,32
344,52
344,60
344,41
344,28
344,40
344,27
344,55
344,21
344,33
344,30
344,47
345,21
345,25
345,28
345,32
345,38
345,30
345,41
345,25
345,37
345,52
345,36
345,55
345,37
345,48
345,62
345,28
345,39
346,30
346,40
346,30
346,63
346,30
346,32
346,25
346,26
346,29
346,30
346,32
346,41
346,62
346,30
346,32
346,40
346,27
346,32
346,31
347,38
347,41
347,30
347,41
347,28
347,30
347,36
347,30
347,63
347,63
347,25
347,30
347,36
347,32
347,48
347,35
348,33
348,32
348,35
348,21
348,32
348,29
348,31
348,39
348,25
348,34
348,25
348,32
348,36
348,30
348,30
348,22
348,25
348,28
348,36
348,54
348,54
348,65
348,47
349,44
349,32
349,35
349,52
349,38
349,48
349,30
349,37
349,28
349,34
349,21
349,33
349,37
349,52
349,37
349,64
350,31
350,52
350,30
350,71
350,21
350,28
350,37
350,67
350,52
350,51
350,21
351,65
351,31
351,29
351,25
351,36
351,44
351,51
351,34
351,41
351,72
351,60
351,54
351,39
351,28
351,39
351,28
351,35
351,62
351,48
351,71
351,53
351,57
352,65
352,34
352,46
352,32
352,30
352,41
352,48
352,43
352,31
352,62
352,30
352,36
352,27
352,63
352,40
352,40
352,62
352,35
353,32
353,30
353,29
353,33
353,27
353,32
353,30
353,52
353,37
353,52
353,32
353,52
353,38
353,30
353,40
353,30
353,52
353,52
353,34
353,41
353,24
354,44
354,39
354,33
354,33
354,40
354,41
354,38
354,29
354,37
354,30
354,41
354,31
354,52
355,28
355,52
355,29
355,57
355,52
355,52
355,45
355,33
355,33
355,29
355,29
355,22
355,25
355,41
355,40
355,41
355,33
355,29
355,44
356,29
356,41
356,40
356,33
356,37
356,62
356,64
357,65
357,31
357,27
357,37
357,34
357,30
357,61
357,44
357,34
357,41
357,59
357,52
357,39
357,46
357,58
357,23
357,41
357,29
357,43
357,41
358,71
358,25
358,34
358,42
358,36
358,52
358,28
358,57
358,25
358,65
359,35
359,49
359,50
359,46
359,57
359,42
359,33
359,31
359,30
359,31
359,22
359,29
359,27
359,30
359,32
359,40
360,33
360,41
360,34
360,40
360,29
360,52
360,28
360,30
360,57
360,28
360,35
360,36
360,40
360,57
360,39
360,43
360,27
360,29
360,30
360,57
360,31
361,46
361,33
361,37
361,29
361,25
361,38
361,37
361,37
361,36
361,30
361,30
361,41
361,47
361,38
361,48
361,32
361,31
361,54
361,38
361,30
362,68
362,30
362,52
362,35
362,63
362,37
362,72
362,58
362,30
362,40
362,38
362,59
362,42
362,39
362,26
362,39
363,42
363,43
363,29
363,71
363,63
363,42
363,33
363,40
363,35
363,57
363,54
363,41
363,41
364,32
364,32
364,53
364,41
364,51
364,44
364,48
364,27
364,32
364,48
364,26
364,22
364,22
364,40
364,37
364,53
364,25
364,30
364,36
364,30
364,39
365,32
365,55
365,41
365,27
365,60
365,30
365,41
365,74
365,38
365,26
365,30
365,21
366,22
366,30
366,28
366,52
366,52
366,41
366,33
366,27
366,28
366,29
366,52
366,30
366,41
366,31
367,40
367,35
367,37
367,52
367,35
367,26
367,67
367,63
367,51
367,27
367,30
367,41
367,47
367,36
367,52
367,48
368,31
368,25
368,31
368,25
368,62
368,29
368,43
368,41
368,29
368,30
368,53
368,65
368,41
368,35
368,40
368,35
368,43
368,57
368,35
368,33
368,65
368,40
368,25
368,33
369,35
369,53
369,52
369,31
369,61
369,40
369,28
369,55
369,30
369,25
369,52
369,52
369,39
369,25
369,41
369,35
370,26
370,27
370,40
370,62
370,30
370,36
370,29
370,30
370,61
370,43
370,36
370,47
370,40
370,52
370,30
370,45
370,21
370,35
371,30
371,39
371,33
371,41
371,36
371,48
371,62
371,31
371,27
371,46
371,22
371,57
371,63
371,33
371,40
371,30
371,25
371,40
372,39
372,52
372,32
372,25
372,28
372,28
372,34
372,63
372,29
372,57
372,28
372,21
372,31
372,28
372,38
373,36
373,45
373,42
373,31
373,22
373,28
373,45
373,65
373,52
373,63
373,29
373,33
373,30
373,27
373,58
373,21
373,34
373,52
373,40
373,33
373,34
374,35
374,38
374,34
374,35
374,30
374,34
374,38
374,33
374,30
374,41
374,33
374,32
374,38
375,52
375,22
375,33
375,25
375,62
375,30
375,34
375,31
375,52
375,29
375,46
375,30
375,56
375,35
375,37
375,56
376,31
376,34
376,52
376,30
376,30
376,42
376,62
376,25
376,33
376,31
376,51
376,44
376,41
376,37
376,33
376,32
376,30
377,41
377,31
377,31
377,50
377,37
377,28
377,51
377,29
377,27
377,44
377,37
377,31
377,52
377,49
377,34
377,49
377,33
377,43
377,35
377,35
378,33
378,30
378,40
378,54
378,57
378,42
378,27
379,52
379,33
379,31
379,28
379,45
379,52
379,27
379,30
379,53
379,33
379,41
379,52
379,33
379,33
379,44
379,32
380,53
380,30
380,35
380,36
380,26
380,34
380,21
380,53
380,31
380,29
380,43
380,37
380,38
380,52
380,41
380,27
380,31
380,37
381,57
381,38
381,41
381,43
381,44
381,33
381,42
381,30
381,70
381,29
381,42
381,37
381,63
381,52
381,31
381,47
381,40
381,33
381,40
382,42
382,29
382,52
382,31
382,54
382,35
382,30
382,41
382,22
382,51
382,33
382,38
382,49
383,22
383,68
383,43
383,26
383,42
383,53
383,36
383,30
383,27
383,27
383,36
383,28
383,61
383,48
383,39
383,63
383,45
383,29
383,30
383,32
383,31
383,36
384,36
384,36
384,58
384,59
384,52
384,30
384,52
384,30
384,37
384,35
384,34
384,27
384,27
384,53
385,44
385,42
385,30
385,30
385,29
385,51
385,53
385,37
385,32
385,37
385,32
385,47
385,52
385,62
385,30
385,50
385,34
385,63
385,38
386,65
386,38
386,45
386,27
386,33
386,36
386,21
386,68
386,42
386,52
386,52
386,71
386,39
387,61
387,25
387,44
387,33
387,25
387,42
387,40
387,32
387,28
387,31
387,36
388,23
388,42
388,38
388,41
388,42
388,33
388,52
388,28
388,44
388,30
388,39
388,40
388,29
388,30
388,30
388,63
389,43
389,21
389,27
389,57
389,68
389,35
389,27
389,31
389,29
389,52
389,52
389,30
389,46
389,25
389,34
389,35
389,57
389,34
389,33
390,37
390,39
390,34
390,42
390,34
390,36
390,29
390,52
390,37
390,44
390,44
390,48
391,30
391,28
391,39
391,30
391,47
391,39
391,53
391,31
391,34
391,31
392,33
392,37
392,36
392,51
392,47
392,51
392,29
392,36
392,43
392,32
392,54
392,52
392,27
392,40
393,31
393,25
393,31
393,25
393,25
393,36
393,62
393,33
393,34
393,61
393,68
393,33
393,30
393,25
393,43
393,28
393,52
394,30
394,45
394,43
394,25
394,29
394,33
394,30
394,52
394,52
394,30
394,25
394,48
394,35
394,38
395,25
395,35
395,22
395,33
395,41
395,30
395,29
395,62
395,70
396,45
396,53
396,38
396,57
396,28
396,48
396,30
396,42
396,31
396,33
396,45
396,27
396,60
396,51
396,46
396,57
396,30
397,45
397,33
397,27
397,25
397,45
397,27
397,52
397,58
397,33
397,58
397,26
397,40
397,47
397,58
397,58
397,35
397,29
397,29
398,33
398,42
398,37
398,30
398,63
398,57
398,34
398,58
398,34
399,39
399,30
399,52
399,31
399,40
399,29
399,50
399,43
399,40
399,31
399,67
399,52
400,31
400,23
400,24
400,36
400,31
400,27
400,63
400,42
400,31
400,61
400,52
400,52
400,57
401,29
401,68
401,45
401,41
401,33
401,36
401,34
401,22
401,55
401,34
401,52
401,52
401,40
401,30
401,31
401,34
401,31
401,43
402,33
402,35
402,36
402,29
402,43
402,42
402,52
402,33
402,38
402,52
402,29
402,36
403,32
403,37
403,51
403,61
403,37
404,61
404,38
404,35
404,30
404,52
404,44
404,36
404,45
404,28
404,36
404,68
405,36
405,34
405,52
405,49
405,36
405,72
405,34
405,62
405,39
405,45
405,52
405,52
405,37
405,28
405,52
405,33
405,38
405,40
406,31
406,37
406,45
406,32
406,43
406,62
406,41
406,27
406,52
406,33
406,51
407,36
407,37
407,34
407,40
407,65
407,35
407,33
407,30
407,30
407,28
407,27
407,34
407,45
407,57
407,40
407,52
407,33
408,25
408,39
408,44
408,31
408,33
408,29
408,38
408,58
408,32
408,42
408,29
408,40
409,26
409,36
409,33
409,32
409,35
409,29
409,29
409,50
409,34
409,26
409,22
409,30
409,22
409,31
409,25
409,52
409,39
409,65
410,52
410,37
410,52
410,39
410,22
410,44
410,41
410,54
410,31
410,45
410,37
410,39
410,40
410,37
410,35
410,29
410,41
410,53
411,30
411,58
411,34
411,37
411,43
411,29
411,52
411,32
411,39
411,38
411,62
411,39
411,51
411,32
411,52
412,32
412,38
412,44
412,29
412,44
412,33
412,32
412,34
412,52
413,41
413,30
413,40
413,44
413,25
413,32
413,52
413,27
413,30
413,37
413,37
413,34
413,52
413,29
413,61
413,34
414,34
414,33
414,40
414,37
414,52
414,30
414,52
414,30
414,39
414,41
414,66
414,52
414,37
414,35
414,35
415,30
415,32
415,27
415,42
415,43
415,25
415,27
415,33
415,36
416,31
416,33
416,36
416,27
416,31
416,30
416,30
416,37
416,27
416,58
416,33
416,34
416,47
416,32
417,52
417,44
417,30
417,21
417,35
417,32
417,31
417,35
417,41
417,44
417,40
417,45
417,28
417,41
417,31
418,65
418,21
418,31
418,37
418,34
418,37
418,38
418,30
418,39
418,47
418,43
418,33
418,31
419,52
419,35
419,62
419,36
419,52
419,30
419,35
419,25
419,41
419,37
419,39
419,31
419,44
419,39
419,37
419,36
419,25
419,33
420,32
420,30
420,52
420,44
420,50
420,21
420,60
420,44
420,43
420,52
420,29
420,43
420,44
420,38
420,47
420,52
420,37
421,35
421,29
421,40
421,33
421,68
421,51
421,63
421,33
421,43
421,55
421,53
421,27
422,35
422,53
422,28
422,31
422,38
422,26
422,37
422,52
422,53
422,26
422,41
422,35
422,35
422,52
422,34
422,52
422,30
422,31
422,27
422,31
422,48
422,33
422,34
422,40
422,53
423,44
423,46
423,52
423,50
423,30
423,21
423,47
423,36
423,65
423,35
423,48
423,37
423,52
423,33
423,47
423,31
423,27
423,41
423,31
424,52
424,68
424,61
424,39
424,58
424,53
424,40
424,34
424,33
424,52
424,49
424,31
424,37
424,47
425,42
425,68
425,32
425,24
425,44
425,24
425,65
425,27
425,41
425,52
425,29
425,28
425,29
425,51
425,61
425,69
425,31
426,52
426,30
426,26
426,27
426,36
426,55
426,37
427,42
427,31
427,61
427,45
427,37
427,35
427,34
427,37
427,25
427,46
427,34
427,29
427,57
427,35
427,52
427,52
428,53
428,30
428,30
428,41
428,18
428,34
428,32
428,35
428,48
428,42
428,57
428,32
428,47
428,27
428,35
428,35
429,33
429,30
429,27
429,52
429,41
429,30
429,41
429,65
429,24
429,58
429,31
429,38
429,59
429,52
429,61
429,34
429,52
430,25
430,37
430,29
430,35
430,24
430,68
430,31
431,49
431,32
431,41
431,37
431,32
431,41
431,31
431,36
431,28
431,38
431,52
431,52
431,30
431,36
431,39
431,30
432,37
432,34
432,28
432,44
432,30
432,58
432,31
432,42
432,27
432,29
432,33
432,52
432,62
433,34
433,32
433,52
433,31
433,44
433,33
433,35
433,47
433,38
434,38
434,32
434,52
434,26
434,30
434,40
434,36
434,28
434,68
434,29
434,62
434,44
435,53
435,25
435,30
435,42
435,39
435,52
435,36
435,30
435,35
435,37
435,53
435,52
436,46
436,31
436,28
436,30
436,27
436,31
436,29
436,25
436,30
436,70
436,25
436,52
437,33
437,33
437,34
437,58
437,30
437,52
437,34
437,44
437,52
437,33
437,52
437,31
438,29
438,25
438,29
438,28
438,41
438,68
438,35
438,31
438,30
438,52
439,26
439,52
439,61
439,30
439,31
439,38
439,56
439,52
439,40
439,38
439,52
439,52
439,52
439,67
439,57
440,31
440,33
440,52
440,49
440,53
440,43
440,45
440,38
440,30
440,52
440,40
441,35
441,30
441,38
441,28
441,23
441,37
441,55
441,61
441,46
441,51
441,72
441,33
441,21
442,40
442,61
442,52
442,35
442,35
442,57
442,43
442,52
442,30
442,42
442,27
442,45
442,51
442,33
442,32
442,31
442,25
443,40
443,25
443,40
443,45
443,40
443,30
443,31
443,24
443,43
443,52
443,37
443,37
443,61
443,41
443,34
443,38
444,59
444,32
444,30
444,43
444,44
444,34
444,40
444,28
444,55
444,52
444,42
444,35
445,46
445,34
445,37
445,52
445,37
445,31
445,33
445,28
445,30
445,42
445,30
445,41
445,35
445,52
445,31
445,35
445,35
445,33
446,32
446,39
446,32
446,27
446,52
446,37
446,33
446,52
446,31
446,31
446,52
446,38
446,57
446,22
446,33
446,63
446,61
446,35
447,65
447,30
447,52
447,36
447,35
447,68
447,42
447,37
447,41
447,35
447,41
447,24
447,31
447,39
448,39
448,45
448,30
448,67
448,41
448,65
448,52
448,52
448,30
448,29
448,23
449,53
449,33
449,55
449,36
449,30
449,33
449,30
449,52
449,25
449,34
450,31
450,36
450,61
450,58
450,35
450,33
450,63
450,29
450,34
450,29
450,35
450,44
450,35
450,29
451,55
451,53
451,29
451,30
451,29
451,41
451,27
451,29
451,59
451,21
451,62
452,48
452,28
452,36
452,30
452,35
452,37
452,43
452,52
452,41
452,34
452,45
452,61
452,52
452,35
452,61
452,26
452,35
453,36
453,35
453,30
453,67
453,29
453,61
453,25
453,43
453,65
453,35
453,32
453,52
454,29
454,53
454,35
454,37
454,31
454,44
454,41
455,40
455,32
455,27
455,48
455,29
455,49
455,40
455,35
455,54
455,40
455,36
455,52
455,29
456,65
456,60
456,30
456,40
456,30
456,30
456,53
456,52
456,25
456,32
456,40
456,31
456,39
456,41
456,38
457,51
457,52
457,52
457,48
457,33
457,33
457,34
457,45
457,43
457,52
457,45
457,33
457,47
457,61
458,45
458,26
458,57
458,39
458,30
458,39
458,43
458,39
458,28
458,64
458,52
458,29
459,29
459,52
459,67
459,36
459,65
459,30
459,37
459,34
460,34
460,38
460,25
460,53
460,33
460,31
460,52
460,52
460,31
460,52
461,68
461,52
461,30
461,35
461,48
461,52
461,27
461,29
461,52
461,37
461,41
461,37
461,33
461,40
461,27
462,52
462,25
462,28
462,52
462,38
462,39
462,40
462,48
462,51
463,55
463,21
463,52
463,30
463,25
463,67
463,55
463,37
463,36
463,29
463,23
463,38
463,51
463,61
463,37
463,29
464,22
464,55
464,37
464,32
464,29
464,51
464,43
464,37
464,35
464,45
464,33
464,31
464,35
465,23
465,60
465,42
465,33
465,22
465,44
465,25
465,38
465,63
465,29
465,51
466,33
466,38
466,37
466,33
466,52
466,57
466,26
466,33
466,39
466,65
466,33
466,35
466,33
467,33
467,33
467,35
467,25
467,43
467,40
467,21
467,31
467,30
467,30
467,36
468,32
468,71
468,35
468,21
468,45
468,52
468,52
468,34
468,61
468,35
468,43
468,38
468,32
468,24
468,71
468,52
468,41
469,28
469,65
469,41
469,33
469,30
469,44
469,35
469,25
469,57
469,52
469,41
469,25
469,31
470,30
470,52
470,52
470,29
470,59
470,25
470,68
470,33
470,32
470,36
470,45
470,62
470,35
470,45
470,30
471,35
471,62
471,52
471,30
471,55
471,65
471,49
471,30
471,33
471,30
471,29
471,38
472,28
472,40
472,52
472,35
472,33
472,29
472,43
472,52
472,55
472,53
472,42
472,41
472,52
473,62
473,35
473,52
473,30
473,21
473,61
473,35
473,51
473,65
473,63
473,70
474,32
474,26
474,52
474,44
474,26
474,52
474,61
474,52
474,39
474,52
474,34
474,52
474,45
474,29
474,45
474,56
474,63
474,24
474,30
474,30
474,25
475,38
475,27
475,32
475,35
475,35
475,52
476,30
476,32
476,35
476,59
476,41
476,25
476,37
476,35
476,52
476,31
477,30
477,34
477,52
477,40
477,36
477,41
477,45
477,27
478,41
478,33
478,28
478,40
478,57
478,38
478,33
478,43
478,52
478,52
478,55
478,36
478,27
478,25
478,43
479,25
479,37
479,35
479,36
479,31
479,31
479,55
480,31
480,72
480,29
480,45
480,32
480,28
480,37
480,35
481,37
481,33
481,43
481,44
481,44
481,44
481,33
481,30
481,34
481,38
482,30
482,52
482,30
482,52
482,31
482,29
482,64
482,39
482,35
482,29
483,33
483,52
483,30
483,33
483,26
483,53
483,36
483,31
483,33
483,38
483,61
484,39
484,33
484,45
484,26
484,60
484,59
484,33
484,35
484,36
484,39
484,34
484,61
484,55
484,42
484,65
484,31
484,39
484,51
485,48
485,40
485,45
485,41
485,26
485,41
485,30
485,38
485,32
485,30
485,31
485,33
485,61
486,29
486,34
486,38
486,41
486,28
486,44
486,64
486,59
486,33
486,31
486,61
486,31
486,35
486,35
486,51
486,45
486,38
486,56
486,52
486,40
486,31
486,31
487,40
487,32
487,36
487,40
487,34
487,38
487,31
487,33
487,31
487,33
487,47
487,64
487,52
487,59
487,50
488,30
488,35
488,36
488,29
488,29
488,32
488,38
488,52
488,52
488,31
488,61
488,30
488,27
488,27
488,41
488,31
489,39
489,52
489,29
489,52
489,25
489,52
489,33
489,34
490,31
490,33
490,30
490,34
490,52
490,52
490,61
491,38
491,33
491,45
491,23
491,52
491,40
491,27
491,32
491,52
491,57
491,67
491,22
491,25
492,30
492,25
492,33
492,52
492,38
492,61
493,31
493,35
493,31
493,32
493,38
493,43
493,41
493,52
493,62
494,52
494,45
494,30
494,55
494,33
494,41
494,36
494,33
494,35
494,41
494,21
494,29
494,27
494,37
494,49
495,39
495,36
495,45
495,24
495,27
495,39
495,31
495,41
495,36
495,24
495,39
496,31
496,52
496,24
496,18
496,31
496,31
496,49
496,31
496,52
497,30
497,36
497,41
497,49
497,52
497,40
497,62
497,23
497,61
497,52
497,57
497,61
497,31
498,45
498,30
498,33
498,30
498,40
498,30
498,35
498,45
498,44
498,52
498,45
498,59
499,38
499,38
499,36
499,52
499,38
499,31
499,35
499,52
499,66
500,52
500,33
500,51
500,52
500,30
500,52
500,61
500,25
501,33
501,35
501,36
501,38
501,43
501,39
501,32
501,63
501,21
502,40
502,30
502,30
502,52
502,38
502,52
502,27
502,64
502,61
502,31
503,32
503,36
503,43
503,38
503,37
503,31
503,22
503,34
503,55
503,61
503,44
503,74
503,57
504,49
504,29
504,52
504,47
504,26
504,35
504,28
504,30
504,53
504,35
504,30
505,27
505,33
505,26
505,55
505,49
505,34
505,36
505,41
505,58
505,28
505,58
505,31
505,52
506,21
506,65
506,52
506,36
506,52
506,44
506,50
506,63
506,25
506,25
506,52
507,32
507,33
507,30
507,30
507,38
507,22
507,36
507,24
507,40
507,30
507,35
507,48
507,40
507,32
507,67
507,27
508,35
508,65
508,38
508,52
508,33
508,41
508,46
508,32
508,39
508,45
508,62
509,55
509,49
509,33
509,32
509,68
509,31
509,52
509,52
509,46
509,39
510,30
510,53
510,30
510,26
510,43
510,37
510,38
510,40
511,28
511,49
511,41
511,68
511,42
511,33
511,40
511,25
511,36
512,52
512,26
512,52
512,27
512,30
512,31
512,25
512,30
512,25
512,61
512,63
512,30
513,30
513,52
513,30
513,72
513,35
513,41
513,42
513,57
513,32
514,34
514,35
514,27
514,46
514,61
514,49
514,52
514,61
514,41
514,41
514,36
514,35
514,38
515,33
515,39
515,58
515,52
515,33
515,45
515,54
515,44
515,28
515,48
515,40
515,26
516,52
516,55
516,49
516,29
516,48
516,52
516,33
516,31
516,51
516,45
516,34
516,52
516,40
516,25
516,26
516,25
517,52
517,46
517,35
517,52
517,29
517,36
517,62
517,33
517,28
517,67
518,29
518,27
518,52
518,26
518,30
518,59
518,35
518,40
518,24
518,27
518,29
519,33
519,45
519,27
519,63
519,32
519,52
519,61
519,52
520,36
520,41
520,37
520,27
520,36
520,25
520,29
521,39
521,37
521,31
521,63
521,31
521,61
521,31
521,30
521,33
522,50
522,65
522,38
522,45
522,26
522,39
522,33
522,52
522,57
522,30
522,35
523,52
523,52
523,33
523,47
523,25
523,25
523,32
523,52
524,62
524,29
524,35
524,37
524,37
524,41
524,34
524,55
524,25
524,57
525,38
525,34
525,33
525,30
525,53
525,49
525,40
525,33
525,52
525,30
525,31
525,50
526,45
526,33
526,51
526,52
526,39
526,28
526,33
526,52
526,31
526,35
526,35
526,35
527,34
527,31
527,33
527,29
527,33
527,46
527,52
527,33
527,34
528,28
528,41
528,45
528,31
528,37
528,36
528,26
528,33
529,31
529,44
529,25
529,39
529,25
529,25
530,37
530,33
530,38
530,25
530,34
530,29
530,29
530,39
530,52
530,52
530,29
530,31
531,32
531,31
531,30
531,40
531,43
531,35
531,52
531,33
531,31
531,33
531,33
532,41
532,22
532,40
532,52
532,34
532,30
532,52
532,31
532,41
532,52
532,33
532,32
533,31
533,30
533,43
533,52
533,26
533,42
533,31
533,42
533,30
533,58
533,31
534,42
534,34
534,36
534,72
534,21
534,26
534,22
534,37
534,36
534,45
534,41
534,34
534,39
534,25
534,31
534,27
534,25
535,49
535,52
535,55
535,40
536,25
536,30
536,26
536,52
536,58
536,49
536,49
536,25
536,41
536,29
536,45
536,55
536,31
536,35
536,33
537,30
537,52
537,31
537,34
538,32
538,31
538,25
538,41
538,52
538,25
538,41
539,52
539,30
539,30
539,37
539,36
539,28
539,39
539,37
539,52
539,40
539,35
539,40
539,32
539,27
540,39
540,31
540,53
540,41
541,34
541,52
541,39
541,38
541,52
541,52
541,43
541,37
541,35
541,25
541,36
541,30
541,27
541,39
541,33
541,27
541,38
541,35
542,52
542,35
542,30
542,45
542,37
542,49
542,59
542,38
542,25
542,49
542,55
542,52
542,51
543,39
543,30
543,45
543,35
543,52
543,52
543,63
543,54
543,23
543,60
543,38
543,68
543,30
543,69
543,52
544,27
544,61
544,35
544,34
544,52
544,37
544,30
544,35
544,44
544,25
544,61
544,32
544,41
544,52
545,52
545,37
545,52
545,22
545,29
545,30
545,33
545,63
545,29
545,39
545,37
545,49
546,31
546,33
546,30
546,25
546,53
546,52
546,32
546,52
547,38
547,24
547,28
547,52
547,52
547,53
547,23
547,41
548,59
548,31
548,31
548,52
549,39
549,34
549,25
549,33
549,32
549,28
549,52
549,35
549,52
549,42
549,25
549,36
550,45
550,29
550,20
550,32
550,27
550,26
550,37
550,33
550,40
550,35
551,41
551,35
551,45
551,34
551,52
551,30
551,41
551,30
551,52
551,57
551,27
552,40
552,37
552,26
552,35
552,23
552,31
552,34
552,28
553,25
553,52
553,30
553,44
553,41
554,41
554,31
554,52
554,27
554,35
554,52
554,24
554,32
554,49
554,35
554,34
554,30
554,34
554,52
554,35
554,37
555,29
555,35
555,37
555,42
555,41
555,52
555,45
555,33
555,69
555,31
555,30
556,34
556,52
556,30
556,34
556,42
556,40
556,38
556,60
556,30
557,45
557,30
557,30
557,55
557,27
557,55
557,32
557,52
557,42
557,63
558,30
558,32
558,42
558,28
558,41
558,40
558,29
558,40
558,52
558,33
558,52
559,52
559,34
559,30
559,35
559,59
559,25
559,30
560,39
560,55
560,39
560,36
560,41
560,36
560,52
560,30
560,41
560,31
560,21
560,61
561,52
561,59
561,33
561,25
561,36
561,61
561,47
561,35
561,53
561,34
562,27
562,35
562,52
562,47
562,36
562,26
562,33
562,22
562,57
562,37
562,35
563,61
563,39
563,61
563,52
563,27
563,25
563,42
563,32
563,25
563,31
563,53
564,52
564,35
564,50
564,35
564,49
564,31
564,42
564,63
564,35
564,52
564,29
565,30
565,39
565,29
565,36
565,52
565,45
565,45
565,61
565,25
565,61
565,38
565,26
565,33
566,31
566,31
566,52
566,35
566,36
567,28
567,30
567,34
567,30
567,31
567,51
567,69
567,28
567,40
567,43
567,30
567,27
567,31
567,41
567,60
568,29
568,32
568,38
568,49
568,33
568,52
568,33
568,37
569,27
569,62
569,52
569,52
569,51
569,36
569,34
569,34
569,32
570,22
570,37
570,45
570,52
570,35
570,31
570,34
570,60
570,62
570,34
570,38
570,29
570,23
570,55
571,29
571,49
571,62
571,53
571,33
571,32
571,37
571,44
571,52
571,52
571,53
571,68
571,33
572,24
572,35
572,29
572,52
572,30
572,41
572,25
572,44
572,52
573,51
573,40
573,29
573,34
573,52
573,27
573,30
573,59
574,57
574,57
574,49
574,36
574,51
574,28
574,31
574,34
574,26
574,28
574,60
575,37
575,48
575,52
575,38
575,59
575,27
575,31
575,52
576,35
576,28
576,49
576,35
576,52
576,32
576,35
577,34
577,31
577,29
577,35
578,52
578,31
578,58
578,33
578,44
578,52
578,29
578,32
578,33
579,26
579,40
579,39
579,59
579,31
579,72
579,30
579,35
579,30
579,32
580,33
580,33
580,61
580,52
580,52
580,30
580,35
580,35
580,29
580,72
581,37
581,41
581,55
581,52
581,37
581,53
581,27
581,52
581,50
581,55
581,33
581,63
582,28
582,45
582,52
582,30
582,28
582,32
582,36
582,52
582,35
582,35
582,35
582,23
583,33
583,36
583,35
583,61
583,37
583,36
583,27
584,29
584,34
584,52
584,43
584,52
584,38
584,30
584,33
584,52
584,37
584,52
585,52
585,52
585,33
585,52
585,30
585,30
585,43
585,31
585,52
585,45
585,32
585,30
585,35
586,32
586,52
586,25
586,30
586,63
586,35
586,36
586,52
586,52
586,30
586,37
587,36
587,35
587,34
587,36
587,31
587,41
587,30
587,39
587,29
587,52
587,52
588,22
588,24
588,29
588,51
588,25
588,35
589,52
589,30
589,61
590,30
590,55
590,52
590,52
590,24
590,35
590,52
591,27
591,32
591,30
591,52
591,58
591,27
591,27
591,23
591,45
591,32
592,49
592,48
592,32
592,28
592,52
592,61
593,52
593,41
593,55
593,55
593,34
593,29
593,34
593,53
593,55
593,21
593,30
594,33
594,52
594,35
594,28
594,36
594,35
594,29
594,37
594,33
594,52
595,52
595,36
595,34
595,31
595,39
595,37
595,43
595,35
595,29
595,30
595,33
595,52
596,33
596,52
596,31
596,25
596,31
596,28
596,34
596,32
596,31
597,36
597,59
597,31
597,45
597,57
597,52
597,30
597,43
597,39
597,41
598,52
598,61
598,35
598,41
598,34
598,64
598,55
598,33
598,34
598,37
599,49
599,49
599,52
599,28
599,36
599,59
599,33
599,51
599,52
599,54
599,52
600,34
600,41
600,32
600,29
600,32
600,30
600,42
600,52
600,29
600,27
601,40
601,45
601,25
601,26
601,65
601,72
601,59
601,34
601,31
601,32
601,26
601,58
601,35
601,32
602,41
602,52
602,52
602,52
602,30
602,52
602,26
602,52
602,34
603,51
603,45
603,37
603,36
603,38
603,24
603,60
603,24
603,25
603,30
603,52
603,36
604,33
604,52
604,45
604,36
604,31
605,52
605,42
605,33
605,35
605,26
605,31
605,61
605,35
605,48
606,32
606,52
606,40
606,52
606,37
606,30
606,45
607,45
607,52
607,38
607,30
607,30
607,35
607,35
607,31
607,42
608,59
608,52
608,32
608,45
608,27
608,32
608,52
608,57
608,30
608,30
608,35
608,38
608,61
609,37
609,55
609,52
609,52
609,25
609,52
609,31
609,52
609,32
610,52
610,52
610,25
610,48
610,63
610,37
610,29
610,42
610,40
610,37
610,53
611,44
611,52
611,52
611,49
611,27
611,37
611,37
612,58
612,33
612,52
612,34
612,32
612,33
612,32
612,52
613,35
613,52
613,32
613,37
613,41
613,53
613,26
614,25
614,41
614,63
614,57
614,61
614,52
614,46
614,52
615,55
615,34
615,52
615,32
615,52
615,37
615,38
615,40
616,41
616,33
616,38
616,28
616,32
616,52
616,57
616,39
616,52
616,52
617,59
617,26
617,31
617,28
617,52
618,49
618,52
618,23
618,36
618,52
618,36
618,52
618,51
618,35
618,31
619,27
619,36
619,32
619,29
619,52
619,31
619,34
619,25
620,63
620,29
620,43
620,54
620,31
620,25
620,63
621,56
621,52
621,47
621,30
621,31
622,40
622,58
622,52
622,29
622,30
622,37
622,27
622,31
622,28
622,30
622,40
623,24
623,53
623,36
623,33
623,52
623,40
623,35
623,41
623,52
623,30
624,38
624,52
624,35
624,32
624,59
624,32
624,28
624,52
624,32
624,37
625,25
625,30
625,27
625,28
625,32
625,38
625,30
626,42
626,36
626,63
626,52
626,34
626,52
626,52
627,30
627,53
627,30
627,44
627,35
627,37
627,52
627,52
627,36
627,31
628,52
628,33
628,39
628,33
628,45
628,32
628,50
629,52
629,30
629,61
629,42
629,52
629,36
629,52
629,52
629,32
629,42
629,33
629,29
629,30
629,25
630,20
630,49
630,28
630,25
630,54
630,45
630,52
630,50
630,30
630,30
630,28
631,28
631,27
631,49
631,59
631,25
631,31
632,58
632,52
632,67
632,53
632,30
632,29
632,52
632,33
632,52
632,35
632,35
632,30
632,36
633,39
633,31
633,36
633,35
633,38
633,27
633,28
634,30
634,67
634,18
634,36
634,21
634,40
634,35
634,52
634,36
634,33
634,25
635,37
635,52
635,30
635,52
635,40
635,53
635,30
635,27
635,42
635,57
636,33
636,59
636,24
637,52
637,27
637,35
637,31
637,48
637,58
637,25
637,52
637,52
637,35
637,31
637,52
638,28
638,34
638,36
638,27
638,52
638,34
638,50
638,29
638,29
639,35
639,36
639,52
639,34
639,37
640,30
640,37
640,36
640,43
640,41
640,52
640,26
640,35
640,35
641,37
641,47
641,36
641,36
641,32
641,43
641,32
641,40
641,25
641,42
641,60
642,42
642,30
642,42
642,72
642,35
642,59
643,33
643,40
643,40
643,33
643,53
643,48
644,36
644,52
644,28
644,35
644,25
644,31
644,35
644,24
644,43
644,36
645,52
645,37
645,31
645,61
645,32
645,41
645,28
646,30
646,28
646,47
646,34
647,42
647,31
647,45
647,61
647,38
647,25
647,26
648,52
648,45
648,30
648,52
648,38
648,31
648,28
648,48
648,65
648,52
648,56
648,63
648,37
649,29
649,52
649,41
649,29
649,37
649,34
649,33
649,43
650,59
650,37
650,34
650,34
650,37
650,20
650,35
651,35
651,37
651,37
651,47
651,31
651,25
651,59
651,52
652,32
652,45
652,32
653,40
653,30
653,52
653,41
653,41
654,46
654,48
654,33
654,28
654,40
654,52
654,52
655,28
655,24
655,40
655,52
655,30
655,61
655,32
655,28
655,68
655,35
655,32
656,34
656,52
656,42
656,61
657,52
657,24
657,41
657,29
657,52
657,61
657,52
657,63
658,37
658,24
658,52
658,25
658,30
658,35
659,31
659,33
659,30
659,59
659,42
659,52
660,30
660,52
660,57
660,52
660,31
661,63
661,36
661,26
661,31
661,31
661,29
662,30
662,35
662,30
662,28
662,30
662,27
662,53
663,36
663,41
663,52
663,52
663,55
663,34
663,31
663,32
663,52
663,36
663,26
663,51
663,72
664,45
664,46
664,25
664,34
664,27
664,31
664,35
664,31
665,40
665,55
665,51
665,36
665,39
665,29
665,52
666,41
666,31
666,35
666,31
666,35
667,33
667,47
667,52
667,59
667,27
667,62
667,52
667,26
667,41
667,30
668,45
668,37
668,68
668,28
668,52
668,34
668,31
668,22
668,29
669,38
669,29
669,51
669,61
669,30
669,32
669,52
670,52
670,35
670,52
670,55
670,36
670,34
670,53
670,37
670,28
670,47
670,30
671,31
671,36
671,22
671,52
671,20
671,33
672,37
672,68
673,44
673,37
673,62
673,36
673,40
673,30
673,52
673,29
674,37
674,52
674,27
674,72
674,37
674,52
674,52
675,59
675,31
675,52
675,29
675,51
675,29
675,39
675,30
676,36
676,29
676,35
676,20
676,56
676,52
676,59
676,40
676,31
676,61
676,56
677,25
677,39
677,31
678,51
678,31
678,40
678,41
678,26
678,39
678,33
678,51
678,52
679,25
679,29
679,26
679,52
679,35
679,31
679,52
679,27
680,33
680,32
680,29
680,64
680,31
680,37
680,34
681,28
681,29
681,45
681,27
681,38
681,25
681,30
681,57
682,45
682,52
682,62
682,36
682,52
682,37
683,29
683,47
683,24
683,52
683,43
683,40
683,30
683,27
683,52
684,52
684,36
684,29
684,36
684,27
685,35
685,32
685,41
685,37
686,52
686,34
686,25
686,30
686,31
686,40
686,54
686,39
687,59
687,52
687,33
687,25
688,56
688,52
688,40
688,35
688,43
688,24
688,41
688,29
689,37
689,38
689,26
689,42
689,64
689,52
690,52
690,29
690,52
690,30
691,72
691,42
691,24
691,52
692,52
692,52
692,34
692,32
692,47
692,25
692,55
692,28
692,30
692,52
693,52
693,21
693,53
693,65
693,25
693,37
693,45
694,30
694,27
694,68
694,31
695,30
695,44
695,38
695,39
695,72
696,36
696,33
696,44
696,24
696,65
696,27
697,41
697,30
697,24
697,32
697,52
697,37
698,34
698,51
698,43
698,30
698,25
698,47
698,30
698,42
699,28
699,36
699,52
699,52
699,62
699,34
700,52
700,41
701,32
701,36
701,51
701,40
701,37
701,28
701,51
702,29
702,45
702,68
702,52
702,45
702,52
702,30
702,29
702,34
702,57
702,26
702,52
702,62
702,60
703,32
703,52
703,36
703,65
703,41
704,54
704,35
704,24
704,52
705,36
705,33
705,33
705,30
705,55
706,26
706,30
706,60
706,36
706,24
706,52
706,30
706,43
706,62
706,63
707,52
707,29
707,61
707,27
707,37
707,20
708,36
708,29
708,52
708,30
708,52
708,32
708,35
708,37
708,27
708,53
709,41
709,50
709,34
709,59
709,51
709,65
710,56
710,52
711,40
711,44
711,36
711,25
712,51
712,30
712,24
712,38
712,60
712,45
712,26
712,52
712,52
712,21
713,42
713,52
713,36
713,52
713,27
714,38
714,37
714,54
714,31
715,30
715,26
715,39
715,52
715,27
715,52
715,59
715,36
715,34
715,24
715,25
716,52
716,36
716,39
716,30
716,52
716,26
716,42
717,41
717,48
717,38
718,29
718,32
719,33
719,39
719,32
719,36
719,36
720,52
720,35
720,30
720,43
720,37
720,37
720,29
720,34
722,31
722,33
722,30
722,29
722,33
722,30
722,40
722,52
723,46
723,41
723,41
723,50
723,24
723,36
723,31
724,31
724,41
724,41
724,52
724,32
724,33
724,39
725,40
725,28
725,52
725,48
725,52
726,20
726,33
726,34
727,42
727,29
728,31
728,27
728,36
728,34
728,52
729,38
729,43
730,25
730,48
730,41
730,37
730,52
730,52
731,27
731,32
731,24
732,33
732,34
732,57
732,29
732,31
733,27
733,45
733,35
734,35
735,41
735,46
735,23
735,30
735,29
735,35
736,32
736,52
736,59
736,33
737,46
737,28
737,20
737,57
737,60
737,38
737,37
737,68
737,52
737,52
738,29
738,44
738,46
739,45
739,52
739,41
739,38
739,37
739,52
739,44
739,32
739,63
739,31
740,28
740,30
740,52
740,32
740,52
740,52
740,32
741,59
741,50
741,32
741,37
742,35
742,30
742,36
742,52
742,30
742,36
742,29
742,28
742,52
742,35
743,44
743,33
743,40
743,66
743,58
743,30
744,39
744,30
744,44
745,40
745,41
745,52
745,28
745,52
746,38
747,36
747,46
747,35
747,52
748,57
748,61
748,32
748,36
749,27
749,37
749,29
749,48
749,25
749,36
750,46
750,31
750,33
750,30
750,52
750,68
751,40
751,41
751,30
751,47
751,39
751,19
751,52
752,52
752,41
753,36
753,29
753,30
753,21
754,33
754,33
754,52
754,28
754,35
754,52
754,30
755,30
755,46
755,31
755,51
756,30
756,31
756,52
756,63
756,37
756,35
756,25
756,53
757,41
757,58
757,35
757,27
757,38
758,59
758,34
758,29
758,30
758,33
758,30
759,30
759,44
760,33
760,33
760,29
760,33
760,52
760,52
760,34
760,48
761,46
761,27
761,46
761,35
762,45
762,46
762,27
762,52
762,37
763,29
763,23
763,51
763,30
763,29
763,29
763,61
764,29
764,30
764,58
764,25
764,52
764,55
764,42
764,37
765,29
765,45
765,41
765,37
766,32
766,30
766,46
766,29
766,61
767,45
767,38
767,34
767,35
767,57
768,37
768,42
768,45
768,35
768,26
768,37
768,52
769,45
769,29
769,20
770,30
770,59
770,32
770,56
770,37
770,41
770,35
770,30
771,62
771,23
771,59
772,41
772,52
772,43
772,52
773,39
773,29
773,52
773,30
773,28
773,33
773,52
773,52
773,35
773,32
774,29
774,34
775,36
775,63
776,32
776,34
776,40
776,34
776,52
776,52
776,46
777,33
777,31
777,39
777,34
778,58
778,30
778,48
779,52
779,52
779,52
779,58
779,62
779,34
779,26
779,62
779,30
779,33
779,38
780,52
780,30
780,48
780,63
780,52
780,29
780,43
781,36
781,30
781,25
781,32
782,30
782,37
782,33
783,55
783,67
783,38
783,36
784,31
784,31
784,32
784,51
784,63
785,52
785,52
785,30
785,34
785,46
785,52
785,36
786,41
786,30
786,30
787,50
787,52
787,42
787,37
787,40
787,42
788,33
788,28
788,35
788,53
788,32
788,60
788,45
789,52
789,30
789,26
789,33
789,37
790,23
790,33
790,45
790,33
790,35
790,52
790,36
791,31
791,52
791,37
791,42
791,52
791,32
792,31
792,27
792,52
792,46
792,52
792,63
793,52
793,37
793,24
793,41
793,51
793,36
793,36
794,36
794,31
794,32
795,37
795,27
795,30
795,24
795,33
795,29
795,57
795,47
795,52
795,46
796,36
796,52
796,52
796,30
796,39
796,46
796,30
796,30
796,40
797,34
797,26
797,30
797,23
797,29
798,34
798,37
798,29
798,48
798,44
799,41
799,52
799,34
799,35
799,30
799,30
799,29
800,26
800,29
800,35
800,46
800,37
801,34
801,37
801,43
801,49
802,52
802,46
802,59
802,55
803,68
803,52
803,42
803,41
803,30
804,52
804,36
804,30
804,29
804,52
805,32
805,41
805,30
805,32
806,29
806,61
806,31
807,45
807,30
807,31
807,28
807,46
807,25
807,62
807,62
808,26
808,33
808,44
808,31
808,54
809,50
809,52
809,52
809,44
810,26
810,42
810,40
810,32
811,32
811,31
811,51
811,41
811,27
811,37
812,31
812,34
812,34
812,48
813,25
813,52
813,36
814,30
814,30
814,28
814,30
814,37
814,52
815,43
815,32
815,52
815,34
816,23
816,41
816,34
816,24
816,31
817,31
817,45
817,52
818,52
818,31
818,32
819,30
819,52
819,33
819,31
819,66
820,52
820,29
820,32
820,37
821,52
821,29
821,38
821,30
822,52
822,52
822,28
822,30
822,36
822,20
822,30
822,33
823,32
823,53
823,30
823,52
824,33
824,52
825,35
825,45
825,63
825,46
825,30
826,37
826,31
826,52
826,20
826,26
826,30
826,26
826,35
826,21
827,42
827,32
827,48
827,24
827,29
827,33
827,31
827,29
827,63
827,50
828,37
828,52
828,46
828,35
828,45
828,29
829,37
829,38
829,53
830,46
830,59
830,30
830,30
830,57
830,29
831,30
831,62
831,39
831,38
832,37
832,24
833,24
833,37
833,45
833,35
833,24
833,52
833,36
833,32
834,25
834,37
835,37
835,32
835,31
835,38
835,29
835,30
836,36
836,43
836,44
837,46
837,42
837,29
837,31
837,29
838,52
838,30
838,27
838,21
838,32
839,31
839,50
839,45
839,43
839,35
839,28
839,21
839,27
839,72
839,35
840,52
840,43
840,52
841,35
841,52
841,25
841,49
841,52
842,37
842,52
842,29
843,52
843,59
843,28
843,31
843,52
843,31
844,55
844,30
844,31
844,39
845,34
845,34
845,20
846,38
846,26
847,52
847,25
847,37
847,35
848,32
848,25
849,46
849,27
849,37
849,30
849,40
849,39
849,52
849,30
849,31
850,59
850,41
852,26
852,33
852,52
852,24
852,33
852,59
853,28
853,45
853,45
853,52
854,31
854,52
855,46
855,48
855,46
855,29
855,52
856,24
856,41
856,28
856,29
856,52
857,37
857,60
857,32
857,57
857,52
858,36
858,30
858,46
859,55
859,45
859,42
859,34
860,32
860,59
860,41
860,30
860,36
860,52
861,36
861,42
861,45
861,41
861,45
862,27
862,46
862,39
862,24
862,22
862,55
863,52
863,57
863,38
863,33
863,29
863,45
863,25
863,52
863,51
864,52
864,32
864,61
864,31
864,55
864,53
864,51
864,33
864,37
865,18
865,41
865,54
865,36
866,26
866,59
866,49
867,45
867,54
867,52
868,52
868,52
868,33
868,68
868,33
868,31
869,30
869,52
869,57
869,31
870,27
870,35
870,37
870,30
870,29
870,37
870,52
870,48
871,59
871,35
871,52
871,32
872,35
872,52
873,30
874,52
874,37
874,26
874,52
874,62
875,52
875,35
875,55
875,52
875,28
875,38
876,46
876,36
876,40
876,37
876,36
876,67
877,38
877,53
877,52
878,29
878,62
878,37
878,34
878,36
879,45
879,52
879,30
880,29
880,25
880,30
881,40
881,52
881,52
881,18
881,42
881,52
881,40
881,38
881,30
882,30
882,43
882,32
883,31
883,45
883,52
883,32
883,52
884,62
884,25
884,31
884,52
885,31
885,62
885,30
886,38
886,33
886,31
886,53
887,59
887,48
888,52
888,53
888,62
888,52
888,37
888,31
888,58
889,31
889,48
889,30
889,35
889,23
889,31
890,40
890,62
890,57
890,28
890,20
890,33
890,45
891,45
891,40
891,35
892,63
893,32
893,33
893,28
893,38
893,53
893,29
894,30
894,42
894,45
894,52
895,32
895,28
896,51
896,29
897,52
897,48
897,34
898,33
898,31
898,36
898,28
898,53
899,52
899,59
899,41
899,46
899,45
899,59
899,27
899,72
900,48
900,27
900,48
900,29
900,35
900,52
901,42
901,25
901,34
901,61
902,37
902,35
902,27
902,36
902,30
902,37
903,38
903,32
904,37
904,52
904,48
904,46
904,30
904,52
905,52
905,37
905,51
906,52
906,28
906,24
906,24
906,35
906,52
907,68
907,34
907,38
907,27
907,52
908,36
908,35
908,52
908,30
909,29
909,52
909,55
909,31
909,43
909,37
909,37
909,33
909,52
909,59
910,29
910,24
910,52
910,34
911,30
911,36
911,52
911,31
911,39
912,46
912,31
912,26
913,37
913,45
913,32
913,26
913,32
914,52
914,40
914,48
915,27
916,48
916,52
916,59
917,43
917,46
918,37
918,37
918,52
918,37
918,29
919,29
919,29
919,52
919,25
919,37
919,45
920,30
920,45
920,58
920,58
920,29
921,26
921,50
921,52
921,61
922,36
922,35
923,52
924,34
925,72
926,48
926,20
926,37
926,29
927,51
927,37
927,28
927,52
927,45
927,46
928,36
928,57
928,46
929,27
929,30
929,27
929,30
929,39
929,37
930,41
930,52
930,46
930,36
930,35
930,32
931,52
932,30
932,52
932,52
932,33
933,24
933,52
933,38
933,27
934,53
934,34
934,28
934,52
934,52
934,27
934,52
935,37
936,25
936,28
937,29
937,28
937,39
937,37
937,33
937,32
938,46
938,52
938,54
939,42
939,31
939,30
939,30
940,23
940,27
940,28
940,30
940,62
940,29
940,52
940,26
941,52
941,30
941,68
941,29
941,30
942,52
942,33
942,42
942,52
942,29
943,27
943,36
944,59
944,25
944,26
944,52
944,26
944,30
945,30
946,49
946,68
946,52
947,34
947,52
947,33
948,30
948,52
948,24
948,41
948,63
948,33
949,39
949,30
949,34
949,58
949,36
949,53
950,31
950,24
951,30
951,45
951,31
952,59
952,43
953,41
953,45
953,37
953,62
954,52
954,46
955,52
955,59
955,35
955,30
955,26
956,35
956,55
956,31
956,32
957,35
957,34
957,21
957,30
958,48
958,24
958,52
959,35
959,34
959,52
960,25
960,62
960,30
961,52
962,45
962,28
962,29
963,31
963,32
964,40
964,31
964,31
965,31
965,23
965,37
965,29
966,42
967,55
967,31
967,29
967,35
967,28
967,34
967,52
968,62
968,43
968,25
968,37
968,31
969,52
969,38
970,52
970,34
970,24
970,32
970,37
972,45
972,43
972,41
973,29
973,50
973,50
973,45
974,34
974,52
975,27
975,44
975,31
976,48
976,51
977,32
977,29
977,42
977,51
978,37
978,52
979,25
980,52
980,23
982,31
982,55
982,63
982,52
983,27
983,35
983,30
983,42
983,52
983,32
983,38
983,36
984,52
984,65
984,50
985,52
985,27
985,52
986,39
986,26
987,52
987,24
988,29
988,50
988,24
988,52
988,52
989,51
990,52
990,52
990,23
990,29
990,21
991,41
991,30
992,52
992,29
992,62
992,61
992,33
993,52
993,56
993,27
993,52
994,44
994,52
994,52
994,31
994,52
995,43
995,31
995,63
995,23
997,52
997,37
997,30
997,48
998,51
999,52
999,52
1000,37
1000,40
1000,42
1001,61
1001,52
1001,35
1002,48
1002,21
1002,55
1003,37
1003,63
1003,57
1004,52
1004,52
1004,52
1004,41
1005,41
1005,57
1005,57
1005,37
1005,52
1006,39
1006,35
1007,31
1008,62
1008,31
1008,36
1008,52
1008,52
1009,29
1009,42
1009,23
1009,38
1010,31
1010,52
1010,48
1010,29
1011,30
1011,30
1011,23
1011,52
1012,26
1013,23
1013,33
1014,52
1014,62
1015,59
1015,68
1015,27
1016,37
1016,53
1017,52
1017,52
1018,48
1018,36
1018,36
1018,30
1018,29
1019,35
1019,62
1019,34
1019,51
1019,31
1020,35
1020,32
1021,33
1022,31
1022,30
1022,41
1022,30
1022,30
1022,52
1023,24
1023,37
1023,46
1024,35
1025,38
1025,32
1025,34
1025,29
1025,60
1025,59
1025,32
1025,36
1026,52
1026,65
1026,46
1026,27
1027,37
1027,36
1027,52
1028,31
1028,34
1028,28
1028,30
1029,37
1029,30
1029,30
1029,31
1029,33
1029,52
1030,22
1030,38
1030,63
1031,26
1031,52
1032,52
1032,30
1032,32
1032,52
1032,34
1032,50
1033,26
1033,25
1033,51
1034,29
1034,35
1034,46
1035,51
1035,41
1035,28
1035,52
1035,38
1036,35
1037,29
1037,59
1037,64
1037,56
1037,25
1038,31
1038,33
1038,63
1039,62
1039,32
1039,40
1040,21
1040,52
1040,52
1040,52
1040,52
1040,35
1041,52
1043,30
1043,29
1044,62
1044,35
1045,33
1045,52
1045,37
1045,52
1045,32
1046,52
1046,62
1047,59
1047,29
1048,52
1048,42
1049,26
1049,28
1049,37
1050,52
1050,35
1050,29
1052,41
1052,52
1053,62
1053,25
1054,37
1054,52
1054,30
1054,38
1055,48
1056,29
1056,30
1057,63
1057,51
1057,27
1057,25
1058,52
1058,30
1059,29
1059,61
1059,40
1059,44
1060,36
1060,39
1062,36
1062,72
1063,29
1063,44
1063,22
1064,36
1064,27
1065,34
1065,51
1065,29
1065,52
1065,31
1065,45
1065,27
1066,23
1067,68
1067,23
1067,52
1067,34
1067,33
1067,69
1067,59
1067,37
1068,35
1068,39
1069,53
1069,25
1069,41
1069,40
1069,35
1069,29
1070,52
1071,49
1071,54
1072,39
1072,48
1072,51
1073,28
1074,43
1074,36
1075,28
1076,31
1076,33
1076,52
1077,44
1077,18
1077,58
1077,52
1078,29
1078,36
1079,33
1079,32
1081,33
1081,29
1081,36
1081,29
1081,52
1081,23
1082,50
1082,37
1082,41
1082,46
1082,46
1083,30
1083,42
1083,41
1083,52
1084,52
1084,40
1084,47
1085,33
1085,22
1086,29
1086,39
1086,52
1086,52
1087,33
1087,33
1088,57
1088,29
1088,30
1088,63
1088,33
1088,30
1089,28
1089,34
1089,33
1089,63
1089,24
1090,52
1090,52
1090,33
1090,52
1090,62
1091,32
1091,28
1091,53
1092,50
1093,26
1094,35
1094,46
1094,57
1094,26
1095,29
1095,33
1095,52
1096,31
1096,52
1096,37
1096,52
1097,26
1097,57
1097,37
1098,45
1098,27
1098,35
1098,52
1099,50
1099,41
1100,62
1100,27
1100,55
1101,30
1101,63
1101,31
1101,37
1101,26
1102,68
1102,52
1102,33
1102,34
1102,45
1103,64
1103,37
1103,57
1105,62
1106,61
1106,23
1106,52
1106,63
1106,51
1106,26
1107,40
1108,30
1108,34
1109,52
1110,33
1110,25
1110,39
1110,46
1111,30
1111,42
1111,28
1112,62
1112,31
1112,52
1113,41
1113,32
1113,53
1114,52
1115,40
1115,42
1116,36
1116,62
1116,20
1117,23
1117,29
1117,29
1117,52
1117,52
1117,52
1118,28
1120,27
1121,36
1121,36
1122,37
1123,52
1123,36
1123,59
1123,46
1123,26
1124,34
1124,34
1124,52
1124,52
1125,27
1125,25
1126,45
1126,26
1126,43
1126,58
1127,27
1127,27
1129,35
1130,52
1131,25
1132,37
1132,48
1132,29
1132,52
1132,52
1133,63
1133,48
1133,29
1134,52
1134,30
1135,25
1135,37
1136,52
1136,42
1138,52
1139,32
1139,34
1139,27
1140,30
1140,61
1140,42
1140,51
1141,39
1141,32
1141,46
1143,36
1144,30
1144,25
1144,68
1145,35
1146,24
1146,32
1146,24
1147,52
1147,52
1147,28
1148,63
1149,25
1149,44
1150,31
1151,64
1151,62
1152,53
1155,39
1155,26
1155,52
1157,59
1157,27
1158,41
1158,38
1159,40
1159,52
1160,38
1161,26
1161,33
1162,27
1162,30
1162,31
1163,30
1165,41
1165,68
1166,34
1166,40
1167,49
1167,34
1168,45
1168,35
1169,25
1169,38
1169,52
1171,35
1171,27
1171,21
1173,30
1173,32
1173,33
1173,52
1174,52
1174,52
1174,36
1174,33
1174,54
1176,43
1176,45
1177,32
1178,30
1178,62
1179,52
1179,41
1179,45
1179,49
1179,29
1180,41
1180,24
1181,24
1181,52
1182,29
1183,32
1184,51
1185,67
1185,52
1185,28
1185,52
1185,27
1186,52
1186,30
1186,27
1186,52
1187,26
1187,53
1189,30
1189,28
1189,40
1189,62
1189,52
1190,27
1190,52
1190,38
1191,52
1192,52
1192,39
1192,52
1192,52
1192,68
1193,24
1194,33
1194,53
1195,27
1197,62
1197,25
1197,49
1197,32
1197,42
1197,29
1197,52
1198,31
1198,42
1198,68
1198,30
1198,30
1199,48
1199,52
1199,37
1199,25
1199,27
1199,52
1200,45
1200,35
1200,33
1200,52
1201,62
1201,25
1201,32
1202,37
1203,68
1203,52
1203,39
1203,68
1204,32
1204,41
1204,42
1204,68
1204,34
1204,24
1204,31
1204,52
1205,62
1205,24
1205,52
1206,62
1206,41
1206,30
1207,52
1207,30
1208,35
1208,48
1209,48
1210,30
1210,34
1210,67
1211,30
1211,47
1211,35
1211,70
1213,28
1213,30
1214,56
1214,32
1214,52
1216,52
1216,38
1216,52
1216,62
1217,52
1217,31
1217,54
1217,37
1218,27
1219,39
1220,62
1220,33
1220,30
1220,36
1220,25
1221,30
1221,52
1221,33
1221,52
1222,29
1222,41
1222,24
1223,52
1223,41
1223,48
1224,32
1224,22
1224,26
1226,35
1226,52
1226,30
1226,35
1227,21
1227,28
1227,25
1227,52
1227,52
1229,35
1229,36
1230,30
1230,35
1230,32
1230,28
1231,40
1231,43
1231,30
1231,34
1231,62
1232,62
1233,52
1233,48
1233,62
1234,35
1234,49
1235,30
1236,44
1236,52
1237,44
1237,41
1237,46
1238,52
1239,40
1239,30
1239,29
1239,39
1240,42
1240,36
1240,62
1241,31
1243,42
1243,37
1244,28
1245,43
1245,28
1245,52
1245,52
1246,59
1247,68
1248,52
1248,37
1248,45
1248,31
1250,52
1250,21
1250,51
1251,32
1252,62
1252,63
1252,65
1253,26
1254,45
1255,36
1256,35
1256,33
1257,32
1257,53
1258,52
1258,69
1259,51
1260,52
1260,33
1261,37
1261,61
1261,40
1261,63
1262,52
1263,26
1264,34
1264,37
1264,32
1266,28
1266,55
1267,30
1269,52
1269,29
1270,45
1270,57
1270,35
1271,52
1271,33
1273,62
1273,40
1273,24
1274,36
1275,63
1276,30
1277,68
1278,33
1278,52
1278,52
1278,52
1279,21
1279,52
1279,28
1281,35
1281,52
1283,45
1283,68
1285,40
1286,30
1286,42
1287,52
1287,31
1289,26
1290,59
1292,24
1293,35
1293,52
1294,52
1295,30
1295,27
1295,27
1295,27
1296,38
1298,43
1298,31
1298,27
1300,68
1300,43
1300,18
1300,26
1301,53
1302,33
1304,42
1304,52
1305,48
1306,29
1308,37
1308,52
1308,61
1309,52
1310,62
1310,25
1310,47
1310,22
1311,59
1312,24
1312,31
1314,21
1314,25
1315,40
1316,62
1316,49
1316,40
1317,55
1318,23
1318,28
1318,37
1318,30
1318,31
1319,32
1320,36
1320,29
1320,41
1321,52
1321,52
1321,30
1322,42
1323,27
1324,34
1324,27
1326,23
1327,23
1327,52
1328,36
1328,53
1328,40
1329,28
1331,52
1333,40
1334,30
1334,68
1335,62
1338,52
1338,29
1338,42
1339,26
1340,38
1340,68
1340,31
1341,29
1341,34
1343,35
1343,43
1343,52
1345,50
1345,45
1345,30
1345,31
1345,53
1345,52
1346,33
1347,52
1348,29
1348,68
1348,52
1349,68
1350,33
1351,68
1351,46
1351,35
1351,52
1352,29
1352,22
1353,25
1353,52
1353,35
1354,25
1354,27
1354,31
1356,29
1356,57
1357,52
1357,30
1358,30
1359,48
1359,35
1359,24
1360,28
1362,39
1363,56
1363,52
1364,23
1364,36
1365,62
1365,35
1366,52
1366,52
1367,59
1367,37
1368,29
1369,31
1369,51
1371,31
1371,27
1372,19
1372,31
1372,68
1373,48
1373,24
1373,22
1373,33
1374,52
1375,33
1376,33
1376,68
1376,52
1378,21
1378,52
1378,52
1379,68
1379,37
1380,42
1380,32
1380,53
1381,41
1381,41
1382,33
1382,51
1384,55
1386,39
1387,40
1387,68
1388,52
1389,32
1389,52
1391,39
1392,34
1393,27
1393,52
1393,52
1394,61
1395,57
1396,33
1397,41
1398,29
1400,30
1401,53
1401,61
1402,61
1402,52
1403,52
1404,23
1404,33
1404,52
1404,30
1404,32
1404,29
1405,68
1405,41
1405,31
1405,39
1405,52
1408,68
1410,68
1410,33
1410,27
1410,30
1411,34
1411,30
1411,26
1411,62
1412,28
1414,32
1414,52
1415,38
1415,24
1416,25
1416,21
1417,29
1417,52
1418,38
1419,52
1419,39
1419,24
1419,52
1420,55
1420,27
1421,34
1422,35
1424,27
1424,37
1424,52
1424,52
1425,26
1426,43
1426,19
1427,25
1427,52
1427,52
1427,23
1429,34
1429,52
1429,52
1429,52
1430,33
1430,39
1430,28
1430,40
1432,37
1432,27
1432,37
1433,63
1434,52
1435,29
1435,52
1435,31
1436,63
1438,41
1438,72
1438,34
1440,40
1440,25
1440,45
1441,52
1445,56
1446,35
1448,36
1450,29
1450,34
1450,27
1451,52
1451,26
1451,40
1452,27
1452,52
1453,68
1453,27
1454,29
1455,32
1456,52
1458,68
1458,39
1458,30
1459,18
1459,24
1459,52
1460,33
1460,28
1460,39
1460,38
1461,60
1461,35
1462,40
1463,56
1463,39
1463,52
1464,52
1465,30
1465,45
1465,68
1466,31
1466,52
1466,52
1467,56
1468,41
1468,62
1469,52
1470,38
1471,31
1472,36
1472,27
1474,26
1475,35
1476,34
1477,24
1478,25
1479,47
1480,52
1481,51
1482,30
1482,25
1483,29
1483,62
1484,28
1487,35
1487,52
1487,34
1487,35
1488,52
1488,31
1489,33
1493,52
1495,34
1497,30
1497,60
1497,23
1499,52
1499,35
1499,48
1499,42
1500,30
1500,63
1501,54
1501,52
1501,27
1502,45
1507,52
1508,30
1508,52
1508,28
1510,52
1511,48
1512,52
1512,52
1512,52
1512,30
1512,53
1513,52
1513,32
1513,68
1513,52
1514,42
1514,35
1518,52
1519,29
1519,52
1520,62
1521,29
1523,27
1524,54
1524,72
1525,62
1526,38
1527,40
1528,55
1530,40
1530,32
1530,40
1530,33
1531,29
1531,52
1532,29
1532,37
1533,25
1534,31
1535,52
1536,62
1536,52
1538,62
1539,33
1539,52
1541,41
1544,34
1545,29
1545,52
1545,23
1547,52
1547,55
1548,33
1549,53
1550,40
1551,27
1551,56
1552,47
1554,53
1554,52
1555,52
1556,37
1556,31
1558,28
1558,52
1559,30
1560,32
1563,34
1563,30
1565,52
1566,31
1567,51
1567,28
1567,68
1568,28
1569,37
1571,61
1572,26
1573,52
1573,52
1575,54
1575,31
1577,29
1578,28
1578,52
1581,40
1582,25
1582,59
1582,52
1582,26
1583,62
1584,24
1584,33
1584,34
1585,57
1585,36
1585,27
1587,47
1589,32
1590,31
1590,29
1590,32
1592,24
1594,27
1596,39
1596,52
1596,52
1596,52
1596,48
1596,31
1596,52
1597,38
1598,52
1598,52
1598,33
1599,62
1600,41
1601,62
1602,51
1603,32
1604,52
1604,53
1607,39
1608,27
1611,28
1611,30
1611,34
1612,34
1612,20
1613,52
1613,52
1614,68
1615,52
1616,49
1617,36
1618,52
1620,44
1620,37
1620,37
1620,48
1621,23
1621,52
1621,33
1622,52
1623,45
1623,38
1624,63
1624,52
1624,41
1625,37
1626,33
1626,59
1628,52
1628,33
1628,52
1633,52
1633,35
1634,52
1635,39
1637,27
1638,57
1638,52
1639,32
1639,62
1640,52
1642,48
1642,47
1642,41
1642,40
1642,52
1644,31
1645,21
1646,60
1647,63
1647,29
1648,34
1649,29
1650,52
1651,40
1651,52
1651,33
1651,33
1652,27
1652,52
1652,28
1652,41
1653,52
1653,31
1654,57
1654,53
1655,24
1659,28
1659,52
1662,25
1663,52
1663,62
1664,31
1664,31
1665,52
1666,34
1667,43
1668,35
1668,62
1669,68
1669,42
1671,52
1671,57
1671,52
1672,52
1673,43
1675,52
1678,31
1680,34
1681,48
1682,42
1682,23
1683,56
1685,45
1685,52
1686,30
1686,39
1686,28
1687,48
1688,52
1688,36
1689,52
1689,52
1689,34
1692,29
1693,30
1694,52
1694,34
1695,53
1696,40
1697,62
1697,39
1698,52
1699,40
1700,23
1701,57
1701,52
1702,52
1702,39
1704,56
1708,35
1708,32
1712,52
1713,37
1713,28
1713,35
1714,53
1716,63
1716,40
1716,33
1717,52
1717,37
1718,52
1720,52
1721,40
1723,62
1725,56
1726,52
1726,25
1727,31
1730,25
1733,33
1733,37
1735,25
1735,29
1736,30
1739,57
1739,31
1740,28
1740,52
1741,36
1742,27
1742,21
1743,33
1743,44
1743,38
1744,52
1744,34
1744,28
1744,31
1746,52
1746,26
1747,68
1747,41
1747,26
1747,24
1749,52
1749,52
1749,61
1750,52
1752,31
1752,35
1753,52
1753,37
1754,34
1756,36
1756,58
1756,25
1757,52
1757,51
1759,52
1761,47
1761,23
1762,37
1763,52
1763,23
1765,52
1767,48
1767,51
1768,45
1769,22
1769,30
1769,20
1771,33
1772,51
1775,52
1775,31
1775,31
1776,29
1778,39
1779,63
1780,48
1782,51
1783,52
1784,32
1786,38
1787,37
1787,52
1787,35
1789,52
1789,55
1792,52
1792,30
1792,31
1793,52
1795,36
1800,52
1800,24
1801,62
1801,42
1805,47
1808,42
1809,30
1809,62
1809,28
1810,51
1811,57
1811,59
1813,52
1814,52
1814,30
1815,44
1816,63
1816,30
1816,27
1816,35
1819,37
1819,62
1819,24
1822,52
1822,31
1827,33
1828,48
1829,52
1829,23
1830,68
1831,40
1833,62
1833,34
1833,53
1833,52
1834,52
1835,30
1836,52
1839,52
1839,28
1841,52
1841,30
1841,28
1843,43
1844,53
1844,31
1845,40
1845,31
1846,48
1847,32
1850,39
1850,47
1850,28
1851,27
1853,20
1853,68
1857,37
1861,34
1861,28
1868,33
1869,31
1870,43
1870,27
1872,25
1872,42
1873,52
1874,51
1875,27
1879,29
1881,37
1882,35
1883,62
1886,48
1886,33
1886,49
1887,25
1888,62
1893,52
1894,30
1894,31
1895,43
1895,32
1895,31
1901,31
1901,19
1906,47
1909,52
1910,62
1911,31
1912,31
1914,32
1917,52
1918,48
1921,21
1922,52
1922,43
1922,52
1923,43
1923,26
1925,52
1927,34
1928,31
1930,50
1931,28
1932,34
1934,28
1935,21
1937,52
1938,25
1938,41
1940,33
1940,25
1944,41
1944,31
1944,52
1946,27
1946,52
1946,48
1950,22
1951,33
1952,52
1953,52
1954,63
1954,62
1960,52
1960,25
1967,68
1969,52
1970,62
1970,41
1972,54
1972,69
1973,43
1974,52
1974,39
1975,62
1975,52
1976,52
1977,37
1978,42
1980,58
1980,53
1981,43
1981,30
1981,30
1983,43
1984,38
1985,52
1986,40
1987,41
1987,24
1987,52
1989,31
1990,52
1990,49
1990,30
1992,52
1996,42
1996,52
1998,39
1999,38
2001,33
2001,29
2003,36
2003,52
2003,28
2004,52
2005,27
2005,42
2005,30
2006,25
2007,38
2007,29
2007,46
2008,48
2008,53
2011,28
2014,37
2014,33
2018,33
2018,52
2019,63
2020,52
2020,47
2021,35
2021,62
2022,33
2022,42
2023,44
2024,62
2024,52
2024,51
2028,42
2030,52
2031,31
2032,52
2032,48
2033,52
2033,51
2034,18
2037,52
2038,31
2038,57
2038,31
2039,52
2042,58
2043,42
2046,42
2046,54
2048,63
2050,52
2051,52
2052,28
2053,31
2055,36
2056,27
2057,31
2059,30
2065,28
2065,33
2066,35
2066,35
2066,63
2066,52
2066,25
2067,62
2067,53
2069,30
2069,74
2070,52
2073,49
2074,33
2075,62
2078,32
2079,52
2080,62
2080,39
2081,35
2081,52
2082,52
2084,62
2084,52
2084,35
2085,28
2086,33
2087,48
2087,52
2089,33
2090,45
2091,52
2093,31
2094,61
2098,51
2098,32
2099,38
2100,42
2103,52
2104,53
2104,28
2106,62
2107,52
2107,30
2108,26
2108,29
2110,62
2112,42
2115,25
2119,34
2121,52
2121,52
2122,35
2124,31
2128,31
2129,62
2130,52
2131,32
2133,42
2133,51
2134,52
2134,28
2137,41
2140,63
2140,33
2141,51
2144,31
2145,27
2146,27
2146,62
2147,62
2147,31
2147,52
2148,52
2148,52
2149,52
2150,48
2151,31
2153,27
2155,27
2155,42
2157,44
2159,62
2159,52
2161,50
2163,52
2164,29
2164,62
2168,40
2170,42
2174,48
2174,59
2177,51
2178,30
2179,30
2183,34
2183,63
2186,52
2191,53
2191,53
2194,41
2194,32
2194,37
2198,46
2199,28
2201,24
2202,52
2203,45
2206,43
2206,31
2207,52
2207,31
2208,52
2209,44
2209,42
2211,52
2214,63
2215,36
2217,39
2218,62
2221,27
2222,62
2223,62
2226,50
2228,25
2229,52
2231,60
2232,46
2232,39
2236,42
2241,52
2243,33
2246,58
2247,19
2249,42
2253,69
2253,28
2254,52
2255,52
2256,37
2257,52
2258,53
2259,30
2261,29
2261,47
2262,30
2266,19
2266,53
2267,52
2267,62
2270,30
2270,27
2270,62
2275,32
2277,21
2279,52
2280,35
2281,50
2287,58
2288,31
2291,62
2292,30
2295,61
2295,28
2297,25
2298,52
2300,62
2300,30
2302,62
2303,61
2304,31
2304,26
2307,63
2310,42
2317,25
2317,37
2318,52
2318,28
2320,53
2324,52
2326,40
2328,51
2328,52
2329,30
2331,52
2332,33
2333,37
2340,33
2341,56
2342,38
2342,31
2343,56
2344,24
2346,62
2350,52
2350,43
2352,30
2352,31
2359,52
2360,30
2361,62
2362,52
2362,52
2366,39
2367,22
2372,36
2373,45
2376,28
2379,63
2381,30
2382,26
2382,26
2383,62
2384,62
2387,52
2388,25
2389,62
2391,28
2393,36
2396,39
2397,42
2398,52
2402,62
2409,52
2414,32
2416,62
2416,62
2417,32
2417,42
2422,38
2422,52
2424,38
2426,51
2427,68
2431,30
2432,35
2433,52
2434,62
2437,25
2439,42
2439,37
2440,61
2441,39
2443,20
2446,42
2449,52
2450,62
2454,52
2457,43
2460,69
2463,52
2465,32
2466,33
2468,52
2471,35
2471,62
2471,27
2476,53
2480,53
2484,43
2485,32
2491,52
2492,42
2492,28
2494,65
2494,27
2495,34
2495,35
2496,42
2499,52
2499,62
2501,35
2501,53
2502,37
2504,30
2508,65
2510,52
2510,50
2511,38
2511,37
2513,63
2515,35
2517,63
2517,44
2519,35
2522,31
2522,34
2526,42
2527,32
2531,39
2534,43
2534,53
2536,62
2542,62
2543,22
2544,42
2546,52
2548,27
2550,52
2551,32
2554,42
2559,52
2563,40
2567,52
2568,44
2570,35
2570,43
2574,52
2574,50
2574,57
2575,42
2582,25
2587,50
2587,34
2588,52
2591,35
2591,33
2595,62
2597,33
2598,36
2600,63
2602,51
2604,42
2607,35
2608,30
2609,25
2612,33
2614,43
2614,52
2620,52
2620,50
2621,53
2622,31
2626,60
2626,28
2627,28
2628,52
2630,52
2630,46
2630,38
2631,46
2632,62
2634,57
2637,52
2640,37
2646,32
2648,52
2649,52
2651,52
2652,32
2652,31
2655,37
2657,44
2664,62
2664,62
2667,28
2668,34
2669,52
2672,52
2673,62
2674,45
2676,37
2681,61
2681,57
2683,62
2683,42
2685,52
2689,46
2695,61
2696,46
2697,37
2702,61
2704,42
2706,30
2707,62
2709,25
2710,53
2712,26
2712,44
2716,44
2716,50
2717,44
2718,42
2720,42
2721,52
2722,61
2726,39
2728,35
2731,35
2734,33
2736,52
2739,51
2741,62
2743,61
2748,34
2749,36
2750,45
2751,52
2755,44
2756,48
2758,35
2758,53
2761,44
2761,52
2762,34
2762,52
2762,61
2765,52
2772,44
2774,61
2776,20
2780,52
2780,35
2783,55
2785,52
2786,41
2788,43
2796,25
2799,33
2799,52
2801,30
2802,52
2803,52
2811,25
2817,24
2819,50
2825,67
2832,28
2833,35
2833,53
2834,24
2836,52
2837,61
2838,38
2843,25
2844,55
2847,39
2849,52
2851,62
2859,41
2866,30
2870,52
2874,62
2874,52
2878,61
2880,52
2881,28
2884,36
2886,43
2887,34
2897,37
2899,46
2901,62
2902,35
2906,29
2909,31
2910,27
2911,57
2916,45
2924,31
2933,52
2935,31
2943,37
2944,33
2949,46
2951,24
2951,52
2953,44
2954,27
2955,44
2957,52
2960,53
2963,26
2964,35
2967,31
2967,61
2972,52
2973,53
2973,52
2983,42
2984,50
2985,35
2990,36
2998,38
3006,30
3009,31
3009,34
3016,36
3016,52
3016,52
3019,31
3021,53
3021,52
3022,39
3023,29
3024,33
3029,28
3036,61
3041,29
3043,23
3047,37
3053,42
3062,43
3062,52
3068,23
3071,61
3075,56
3075,30
3079,28
3079,25
3087,41
3088,29
3089,29
3094,41
3095,53
3099,32
3100,52
3105,61
3109,30
3113,22
3118,52
3127,35
3128,43
3129,52
3130,52
3133,44
3133,52
3140,52
3141,50
3158,30
3158,29
3166,42
3172,51
3174,41
3175,46
3175,63
3186,31
3190,52
3192,32
3196,30
3208,33
3220,52
3221,52
3224,32
3228,33
3228,40
3237,34
3243,24
3256,32
3259,25
3267,51
3273,55
3273,41
3274,33
3274,63
3275,52
3277,59
3283,25
3284,55
3317,31
3319,43
3344,24
3352,52
3357,34
3386,29
3413,67
3416,41
3420,52
3420,65
3425,47
3468,53
3486,52
3490,28
3492,32
3494,52
3498,31
3498,52
3503,52
3503,35
3513,28
3516,41
3517,52
3521,31
3526,29
3530,52
3535,51
3543,25
3550,32
3564,55
3581,38
3588,52
3590,36
3597,40
3604,52
3606,52
3608,30
3610,29
3612,52
3614,52
3622,52
3626,57
3627,31
3639,63
3639,53
3648,52
3650,52
3657,32
3659,51
3664,52
3671,31
3678,23
3684,41
3685,52
3691,41
3698,37
3704,48
3712,31
3713,43
3715,52
3727,46
3740,37
3741,52
3748,27
3754,41
3755,34
3763,52
3770,52
3773,34
3775,52
3793,31
3794,52
3807,28
3826,52
3833,26
3843,27
3861,52
3868,24
3874,52
3874,28
3900,33
3915,51
3936,57
3937,37
3942,52
3950,52
3961,26
3972,56
3973,61
3992,39
3995,24
4011,52
4034,55
4042,44
4045,53
4063,41
4067,52
4096,55
4099,61
4138,33
4141,52
4146,24
4166,52
4167,43
4167,52
4167,32
4177,29
4240,45
4250,51
4272,45
4292,24
4293,31
4312,24
4323,38
4326,31
4327,52
4333,41
4365,30
4372,51
4382,39
4387,30
4426,36
4430,49
4449,53
4472,34
4483,33
4485,52
4510,34
4520,52
4564,33
4569,52
4575,29
4584,52
4585,52
4600,26
4602,52
4605,34
4622,43
4636,52
4661,67
4663,52
4670,43
4671,26
4678,29
4679,29
4683,38
4697,52
4712,52
4723,25
4730,52
4737,24
4754,52
4764,45
4771,52
4787,61
4817,51
4838,30
4840,58
4843,30
4853,44
4862,52
4894,54
4898,54
4898,52
4900,52
4924,52
4945,41
4947,21
4950,52
4971,52
4990,25
5008,44
5008,52
5019,36
5032,34
5035,54
5055,59
5055,52
5058,52
5115,38
5123,38
5148,39
5158,52
5172,52
5176,52
5220,52
5221,59
5222,52
5223,52
5229,52
5243,25
5253,52
5260,52
5262,57
5271,24
5296,52
5332,52
5333,26
5340,33
5347,31
5349,33
5349,31
5415,52
5427,54
5431,52
5453,52
5455,52
5470,27
5487,52
5491,52
5529,52
5537,52
5540,38
5541,27
5612,52
5710,52
5723,34
5726,52
5747,52
5761,52
5761,54
5834,26
5837,39
5838,52
5843,37
5844,52
5859,37
5868,52
5897,51
5909,52
5910,31
5936,31
5940,40
5969,41
5980,26
5981,52
5988,27
5988,52
6050,36
6088,25
6112,24
6131,24
6138,52
6233,34
6295,33
6360,55
6397,44
6476,30
6499,52
6511,53
6560,52
6569,42
6571,52
6580,57
6603,52
6604,52
6610,52
6610,52
6618,27
6735,31
6754,32
6775,50
6855,26
6868,57
6871,27
6949,27
7081,29
7170,31
7216,25
7269,52
7301,45
7329,52
7586,52
7588,45
7607,44
7719,33
7727,52
7875,40
7938,52
7986,52
8044,52
8091,52
8096,52
8203,52
8211,63
8223,52
8235,55
8255,52
8466,24
8612,21
8677,26
8741,52
8929,33
9346,26
9687,50
9711,52
9810,52
10111,25
10878,49
11570,52
11795,27
12131,31
12434,27
12462,52
12800,34
13221,28
13353,34
13363,28
13469,27
13919,24
14003,26
15900,31
16323,52
17454,46
22442,43
23472,52
26853,52
32634,52
34426,31
37574,26
39512,19
45585,52
55150,30
65764,59
72474,44
77011,18
90144,52
144007,52
158172,52
179111,21
179318,29
181355,52
208020,20